drugbank_id	name	target
DB00001	Lepirudin	2147
DB00002	Cetuximab	1956 2215 715 712 713 714 2214 716 2209 2212 2213 9103
DB00004	Denileukin diftitox	3559 3560 3561
DB00005	Etanercept	7124 7133 2209 2214 2212 2213 9103 4049 2215 716 715 712 713 714
DB00006	Bivalirudin	2147
DB00007	Leuprolide	2798
DB00008	Peginterferon alfa-2a	3455 3454
DB00009	Alteplase	5340 2243 5329 5054
DB00010	Sermorelin	2692
DB00011	Interferon alfa-n1	3455 3454
DB00012	Darbepoetin alfa	2057
DB00013	Urokinase	5340 5329 5328 5327 5054 5055 5104 4036 6768 4811
DB00014	Goserelin	3973 2798
DB00015	Reteplase	5340 2243 5329 5054
DB00016	Erythropoietin	2057
DB00017	Salmon Calcitonin	799
DB00018	Interferon alfa-n3	3454 3455
DB00019	Pegfilgrastim	1441 1991
DB00020	Sargramostim	1438 3563 1439 6383 5553
DB00022	Peginterferon alfa-2b	3454 3455
DB00024	Thyrotropin alfa	7253
DB00025	Antihemophilic factor, human recombinant	2159 2158 7450 5264 433 3309 811 821 3998 4035 90411
DB00026	Anakinra	3554
DB00028	Immune Globulin Human	2209 2210 2212 2213 9103 2214 2215 718 720 721 727
DB00029	Anistreplase	5340 2243 5329 5054
DB00030	Insulin Human	3643 3480 5925 1509 3416 5126 1363 5122 4856 4036 3490 94121
DB00031	Tenecteplase	5340 2243 5329 5054 5055 7123 3856 302 811 821 4035
DB00032	Menotropins	2492 3973
DB00033	Interferon gamma-1b	3459 3460
DB00034	Interferon Alfa-2a, Recombinant	3454 3455
DB00035	Desmopressin	554 552 553
DB00036	Coagulation factor VIIa Recombinant Human	2159 3249 7035 2677 2155 2152
DB00038	Oprelvekin	3590
DB00039	Palifermin	2263 8829 2260 2264 2261 3339
DB00040	Glucagon	2642 9340 2740
DB00041	Aldesleukin	3560 3559 3561
DB00042	Botulinum Toxin Type B	6844 6843 127833
DB00043	Omalizumab	2205 2206
DB00044	Lutropin alfa	3973
DB00045	Lyme disease vaccine (recombinant OspA)	7097
DB00046	Insulin Lispro	3643 3480
DB00047	Insulin Glargine	3643 3480
DB00048	Collagenase clostridium histolyticum	1277 1280 1281 1278
DB00050	Cetrorelix	2798 3973
DB00051	Adalimumab	7124
DB00052	Somatotropin	2690 5618
DB00054	Abciximab	3690 3674 2215 715 712 713 714 2214 716 2209 2212 2213 9103 7448
DB00055	Drotrecogin alfa	2157 2153 5054 7056 5627 1356 2147 5196 5104 5269 2677 10544
DB00056	Gemtuzumab ozogamicin	945 2215 715 712 713 714 2214 716 2209 2212 2213 9103
DB00058	Alpha-1-proteinase inhibitor	1991
DB00060	Interferon beta-1a	3454 3455
DB00061	Pegademase bovine	2885
DB00063	Eptifibatide	3690
DB00065	Infliximab	7124
DB00066	Follitropin	2492
DB00067	Vasopressin	554 552 553
DB00068	Interferon beta-1b	3454 3455
DB00069	Interferon alfacon-1	3454 3455
DB00070	Hyaluronidase	7040
DB00071	Insulin Pork	3643 3480 3416 3118 3119 5925 1509 1363 5126 5122 4856 4036 3490 94121
DB00072	Trastuzumab	2064 1956 715 712 713 714 716 2209 2212 2213 9103 2215 2214
DB00073	Rituximab	931
DB00074	Basiliximab	3559 3560 2209 2214 2212 2213 9103 2215 716 715 712 713 714
DB00075	Muromonab	915 916 917 919 2215 715 712 713 714 2214 716 2209 2212 2213 9103
DB00078	Ibritumomab tiuxetan	931 2215 715 712 713 714 2214 716 2209 2212 2213 9103
DB00081	Tositumomab	931 2215 715 712 713 714 2214 2209 2212 2213 9103
DB00082	Pegvisomant	2690
DB00083	Botulinum Toxin Type A	6616 388
DB00086	Streptokinase	5340 2149
DB00087	Alemtuzumab	1043 2215 715 712 713 714 2214 2209 2212 2213 9103
DB00089	Capromab pendetide	2346
DB00091	Ciclosporin	819 5535 5478 10105
DB00092	Alefacept	914 715 712 713 714 2214 2209 2212 2213 9103 2215
DB00094	Urofollitropin	2492
DB00095	Efalizumab	3683 2215 715 712 713 714 2214 2209 2212 2213 9103
DB00097	Choriogonadotropin alfa	3973 2492
DB00098	Antithymocyte immunoglobulin (rabbit)	909 3140 3683 942 2213 920 3688 3685 3690
DB00099	Filgrastim	1441 1991
DB00100	Coagulation Factor IX (Recombinant)	2159 2160 2155 2157 2147 4035 2677
DB00102	Becaplermin	5159 5156 2
DB00104	Octreotide	6751 6755 6752
DB00105	Interferon Alfa-2b, Recombinant	3455 3454
DB00106	Abarelix	2798
DB00107	Oxytocin	5021 5020
DB00108	Natalizumab	3676 2215 715 712 713 714 2214 2209 2212 2213 9103 3383
DB00110	Palivizumab	2215 715 712 713 714 2214 2209 2212 2213 9103
DB00112	Bevacizumab	7422 2215 715 712 713 714 2214 2209 2212 2213 9103
DB00114	Pyridoxal Phosphate	64902 2571 875 8942 6470 9054 2805 4942 4953 51166 18 55163 8879 6898 883 79896 5836 9517 51380 3067 113451 10993 23464 2731 2875 29968 211 189 57026 10558 1491 586 587 11212 10841 2806 5834 5837 1644 2571 51540 211 2572 23042 56267 339896 51540 285313 85007 2571 6472 212 84706 55034 113675 51380 63826 51091 55304
DB00115	Cyanocobalamin	4548 4594 4552 166785 25974 4524
DB00117	Histidine	3067 3035 10991 3034
DB00118	Ademetionine	27232 262 4144 875 4143 1312 23070 57412
DB00119	Pyruvic acid	9123 6567 64902 9121 5313 9120 9194 5162 5315 18 9122 23539 6566 5091
DB00120	L-Phenylalanine	6898 23428 2193 5053 10667 10056 7054
DB00121	Biotin	5096 3141 8884 64087 32 56922 5091 5095 31
DB00122	Choline	9468 43 5130 5338 590 5337 162466 1139
DB00123	L-Lysine	6541 6545 84889 6542 3735
DB00125	L-Arginine	4846 84889 113451 435 4843 6541 384 6545 445
DB00126	Ascorbic acid	3938 5352 5264 8985 8424 1621 5066 5033 64175 79676 121642 55214 10536 55239 112398 221120 8284 54583 9963 5351 112399 55217 54681
DB00128	L-Aspartic Acid	6035 4069 10165 2805 443 440 445 95 2806 1615 8604 444 10606 790 159 6505 445 55157 80150 122622 91703
DB00129	Ornithine	4942 5009 383 4946 6542 83884 6545 6541 384 10166 84889 4947 2628 51686
DB00130	L-Glutamine	1503 5471 2752
DB00131	Adenosine phosphate	1385 5292 5142 5836 5564 3094 5144 84532 55902 5562 5565 107 2180 2203 132
DB00132	Alpha-Linolenic Acid	3992 9415 6546 7442 6785 5465 9971 5467 5468 6256
DB00133	Serine	875 10993 63826 9517 10558 6301 189
DB00134	Methionine	4552 4548 10988 635 23743
DB00135	L-Tyrosine	7054 51067 8565 6898
DB00136	Calcitriol	7421 3206 2638
DB00138	Cystine	23657 1497 11136 6519
DB00139	Succinic acid	6391 56670 64064 55217 8803 1468 6389 8630 64849 9058 6561 8801 6392 8974 8985 8424 5033 6390 7915 8802 5019 5351 444 64175 55214 10536
DB00140	Riboflavin	55312 645
DB00141	N-Acetylglucosamine	8703 8702 8704 55577 51172 4669 5973 2683
DB00142	Glutamic Acid	2911 2914 2900 2901 2917 2918 6512 26873 5198 587 2906 2895 116444 5188 2744 2806 2058 440 2752 2805 6898 2875 2677 6507 6506 6505 2729 6511 2747 8833 586 18 2902 2356 2028 2903 2904 2905 124454 51557 55191 56267 162417 51166 116443 84706 83733 79751 10157 27165 23549 2894 23657 10404 29968 2746 2897 2890 2730 2346 2572 2571 10841 2891 2892 2893 5832 2898 2899
DB00143	Glutathione	4259 27306 51060 2938 2939 4257 2098 2678 2946 2745 2879 2949 257202 3029 493869 2882 4258 119391 51022 2739 4056 2936 2937 2944 373156 2940 2947 2941 2948 221357 2950 9446 2876 2877 2952 2954 2880 2878 231 4318 1576
DB00144	Phosphatidyl serine	1608 8527 81490 55627 55512 10396 5578 9791 23761 949
DB00145	Glycine	23464 211 212 2653 2617 2903 570 2841 2937 2905 10249 206358 6472 219970 92292 64902 140679 51268 9152 116444 2731 6536 2741 189 2743 6470 8001 2742 27232 2628
DB00146	Calcifediol	7421
DB00148	Creatine	1158 1159 1152 1160 6535 2593
DB00149	L-Leucine	23395 587 586 9836 51451 51520
DB00150	L-Tryptophan	10352 7453
DB00151	L-Cysteine	2730 2729 2805 1491 875 833 4255 2937 80704 79587 51380 9054 1036
DB00152	Thiamine	27010 10560
DB00153	Ergocalciferol	7421
DB00155	L-Citrulline	445 23564 445 23576 5009 4842 4843 4846 353238 29943 51702 11240 23569
DB00156	L-Threonine	79896 6897 80222
DB00157	NADH	7358 124 6652 127 126 125 131 2819 160287 128 231 3028 4191 3939 4200 3295 92483 3948 3945 1962 3033 10873 622 4190 11112 3293 3156 4199 26227 51478 3421 3420 3419 3292 3294 5959 9563 7923 1109 3615 8644 3248 7264 1645 3290 3284 3283 3614 3030 217 3291 1646 50814 4329 218 216 26330 223 220 219 221 2597 8854 224 7915 501 645 29920 5831 2746 5162 5161 5160 644 35 1719 4967 2747 1717 4835 4536 10157 4537 374291 4522 10797 8659 1727 126328 4538 5860 4535 23530 4698 4704 4539 4705 4701 4694 4541 4540 4697 4700 4706 4695 4702 4696 4714 4718 4707 4719 4716 4710 4709 4708 4713 4715 4720 4711 4717 4712 4731 1738 4722 2936 55967 4725 4724 4723 4729 51079 1036 4726 56901 4728 1579 1737 275 6307 3162 3163 1586 7299
DB00158	Folic Acid	2350 2352 2348
DB00159	Icosapent	5743 5742 5468 5467 3992 2182 2181 2864 6546 7442 5465
DB00160	L-Alanine	189 18 8942 57505 85007 84706 2875 9054 206358 23428 64902 16 6509
DB00161	L-Valine	5096 586 7407
DB00162	Vitamin A	145226 9249 220 54884 51109 10901 57665 50700 9227 5947 5959 112724 5949 8854 216 6017 347 27306
DB00163	Vitamin E	8856 5579 240 5578 1606 5516 5515 284904 266629 23541
DB00165	Pyridoxine	8566
DB00166	Lipoic Acid	51601 11019 8884
DB00167	L-Isoleucine	55699 36 586 587 3376
DB00169	Cholecalciferol	7421
DB00170	Menadione	2677 79001 154807 2147 2155 2158 2159 5624 5627 8858 4835 1728 632
DB00172	Proline	8974 5625 10465 11212 5033 5479 10105 5480 5478 9360 64175 25973 55214 10536 65263 112849 5831 2058 11254 6534 29920
DB00173	Adenine	353 32 52 55825 6733 4507
DB00174	L-Asparagine	6510 80150 79731 10991 440 4677
DB00175	Pravastatin	3156
DB00176	Fluvoxamine	6532 3757
DB00177	Valsartan	185
DB00178	Ramipril	1636 623
DB00179	Masoprocol	240 6462
DB00180	Flunisolide	2908
DB00181	Baclofen	2550 9568
DB00182	Amphetamine	6571 6531 9607 134864 6530 148 147 146 150 151 152 153 154 155 1813 4129 6532 4128 4129
DB00183	Pentagastrin	887
DB00184	Nicotine	1137 1139 1141 1135 1136 1138 8973 55584 57053 1142 1143 1588 1103
DB00185	Cevimeline	1131 1128
DB00186	Lorazepam	2554 2555 2556 2557 2558 2559 2560 2561 2562 2563 2564 2565 2566 2567 2568 55879 706
DB00187	Esmolol	153
DB00188	Bortezomib	5693 5689
DB00189	Ethchlorvynol	2554 2555 2556 2557 2558 2559 2560 2561 2562 2563 2564 2565 2566 2567 2568 55879
DB00190	Carbidopa	1644
DB00191	Phentermine	6530 6532 6531 4128 4129
DB00192	Indecainide	6331
DB00193	Tramadol	4988 6530 6532 3358 4986 4985 116443 1131 1128
DB00195	Betaxolol	153 154
DB00198	Oseltamivir	1066 4758 4759
DB00199	Erythromycin	2862 3757 213
DB00200	Hydroxocobalamin	4548 4594 4552 166785 6947 81693 8029 326625 25974
DB00201	Caffeine	134 135 5142 6261 5136 5153 5137 10846 5141 5142 5143 5144 27115 5138 5139 5140 8654 5146 50940 5150 5151 8622 5152 5145 5158 5591 5293 5290 5291 3708 3709 3710 472
DB00202	Succinylcholine	57053 1128 1129 1131
DB00203	Sildenafil	8654 5148 5149
DB00204	Dofetilide	3757 3776 3768
DB00205	Pyrimethamine	1719 3074
DB00206	Reserpine	6571 6570 332
DB00207	Azithromycin	23569
DB00208	Ticlopidine	64805
DB00209	Trospium	1128
DB00210	Adapalene	5916 5915 6258 6257 5914 6256 5743
DB00211	Midodrine	148 147 146
DB00213	Pantoprazole	495
DB00214	Torasemide	6557
DB00215	Citalopram	6532 3269 148 1128 3358
DB00216	Eletriptan	3352 3351 3355 3350 3354 3357 3363
DB00217	Bethanidine	150 151 152 3758 153 154 155
DB00218	Moxifloxacin	7153
DB00219	Oxyphenonium	1128
DB00221	Isoetarine	153 154
DB00222	Glimepiride	3767 3758 6833
DB00223	Diflorasone	2908
DB00226	Guanadrel	6530
DB00227	Lovastatin	3156 3683 3066
DB00228	Enflurane	2554 2555 2556 2557 2558 2559 2560 2561 2562 2563 2564 2565 2566 2567 2568 55879 2741 2743 3783 3736 27032 2890 513
DB00230	Pregabalin	773
DB00231	Temazepam	2554 2555 2556 2557 2558 2559 2560 2561 2562 2565 2566 2567 2563 2564 2568 2569 2570 200959 55879 706 2554 2555 2556 2557 2558 2559 2560 2561 2562 2563 2564 2565 2566 2567 2568 55879
DB00232	Methyclothiazide	6557 759 760 762
DB00233	Aminosalicylic Acid	5743 1147 240 30814
DB00234	Reboxetine	6530
DB00235	Milrinone	5139
DB00237	Butabarbital	2554 2555 2556 2557 2558 2559 2560 2561 2562 2563 2564 2565 2566 2567 2568 55879 1137 1139 2891 2898
DB00239	Oxiconazole	8856
DB00240	Alclometasone	2908
DB00241	Butalbital	2554 2555 2556 2557 2558 2559 1137 1139 2891 2898 2554 2555 2556 2557 2558 2559 2560 2561 2562 2563 2564 2565 2566 2567 2568 55879
DB00242	Cladribine	6240 6241 50484 5422 5426 5427 54107 56655 4860
DB00243	Ranolazine	6331 6335
DB00244	Mesalazine	5743 5742 240 5468 1147 3551 4353
DB00245	Benzatropine	1128 6531 3269
DB00246	Ziprasidone	1813 3356 1812 1816 1814 1815 3350 3351 3352 3354 3358 3359 3362 3363 3269 148 147 150 151 152 1128 1129 1131 1132 1133
DB00247	Methysergide	3357 3358 3356 3350 3363 3351 3355 3354
DB00248	Cabergoline	1813 3357 1814 3356 151 3352 1815 150 3350 152 1816 1812 3351 3358 3363 148 147 146 153 154 1812 1816
DB00252	Phenytoin	6331 6323 8856 6324 6328
DB00253	Medrysone	2908
DB00254	Doxycycline	23569 567
DB00255	Diethylstilbestrol	2099 2104 2100 2101 2103 10499 8856 367 6462
DB00257	Clotrimazole	3783 8856 9970
DB00261	Anagrelide	5139
DB00262	Carmustine	2936
DB00264	Metoprolol	153 154
DB00266	Dicoumarol	79001 1728 1429
DB00268	Ropinirole	1814 1813 1815 3350 3352 3357 1812 1816 3351 3356 3358 150 151 152
DB00270	Isradipine	775 781 783 8912 9254 776 779
DB00272	Betazole	3274
DB00273	Topiramate	2554 6323 2897 760 762 2554 2555 2556 2557 2558 2559 2560 2561 2562 2563 2564 2565 2566 2567 2568 55879 759 761
DB00275	Olmesartan	185
DB00276	Amsacrine	7153 3757 5004 213
DB00277	Theophylline	134 135 136 5142 8654 5141 5139 3066 8904 81502 23420 142 79608 26140
DB00278	Argatroban	2147
DB00279	Liothyronine	7067 7068 5111
DB00280	Disopyramide	6331 1128 1129 1131 3751 3752 3757 5005
DB00281	Lidocaine	6336 6335 6331 1956 6329 5004 5005
DB00282	Pamidronate	2224
DB00283	Clemastine	3269
DB00284	Acarbose	8972 279 2548 6476
DB00285	Venlafaxine	6532 6530 6531
DB00286	Conjugated estrogens	2099
DB00287	Travoprost	5737
DB00288	Amcinonide	2908 301
DB00289	Atomoxetine	6530 6532 6531 2902 2903 2904 2905 2906 116443 116444
DB00290	Bleomycin	3978 3980
DB00292	Etomidate	2554 151 2554 2555 2556 2557 2558 2559 2560 2561 2562 2563 2564 2565 2566 2567 2568 55879
DB00293	Raltitrexed	7298 2356
DB00294	Etonogestrel	5241 2099
DB00295	Morphine	4988 4986 4985 23643
DB00296	Ropivacaine	6336
DB00297	Bupivacaine	6336 5731
DB00298	Dapiprazole	148 146 147
DB00302	Tranexamic acid	5340
DB00304	Desogestrel	5241 2099
DB00306	Talbutal	2554 2555 2556 2557 2558 2559 1137 1139 2891 2898 2554 2555 2556 2557 2558 2559 2560 2561 2562 2563 2564 2565 2566 2567 2568 55879
DB00307	Bexarotene	6256 6257 6258
DB00308	Ibutilide	775 782 3757 781 786 3775 9424 81033 90134 3767
DB00309	Vindesine	81027
DB00310	Chlorthalidone	6557
DB00312	Pentobarbital	2554 2555 2556 2557 2558 2559 1137 1139 2891 2898 2554 2555 2556 2557 2558 2559 2560 2561 2562 2563 2564 2565 2566 2567 2568 55879 2902 2903 2904 2905 2906 116443 116444 8856
DB00313	Valproic Acid	9734 18 36 4967 7915 6323 6336 11280 6326 6328 6329 6331 6332 6334 6335 6324 6327 55800 6330 3066 5465 5467 5468
DB00315	Zolmitriptan	3351 3352 3355 3350
DB00316	Acetaminophen	5743 5742 2166 7442 2950
DB00317	Gefitinib	1956
DB00318	Codeine	4988 4986 4985
DB00320	Dihydroergotamine	3352 3351 150 3357
DB00321	Amitriptyline	6530 6532 3356 3350 4985 4986 4914 4915 148 146 150 3269 1128 1129 1131 1132 1133 3785 3736 3751 3752 3274 59340 10280 3358 147 3363 3352 4988 3351 3362 3786 153 154 155
DB00322	Floxuridine	7298
DB00323	Tolcapone	1312
DB00324	Fluorometholone	2908
DB00325	Nitroprusside	4881
DB00327	Hydromorphone	4988 4985 4986
DB00328	Indometacin	5742 5743 5320 145482 5468 2739 11251 5465 8644
DB00331	Metformin	5564
DB00332	Ipratropium	1128 1129 1131
DB00333	Methadone	4988 116443 57053 4985 3359 23643 5005
DB00334	Olanzapine	3356 1813 1812 1816 1814 1815 3350 3351 3352 3354 3358 3359 3362 3363 3269 148 147 150 151 152 1128 1129 1131 1132 1133 3357 3361 1812 1816 3274 59340 2554 2555 2556 2557 2558 2559 2560 2561 2562 2563 2564 2565 2566 2567 2568 55879 153 154 155
DB00335	Atenolol	153 154
DB00337	Pimecrolimus	2475 2280
DB00338	Omeprazole	495 196
DB00340	Metixene	1128 1132 1133 1129 1131
DB00341	Cetirizine	3269
DB00342	Terfenadine	3269 3757 1131 1128 1133 1132 1129
DB00343	Diltiazem	786
DB00344	Protriptyline	6530 6532
DB00346	Alfuzosin	148 147 146 3757
DB00347	Trimethadione	8913
DB00348	Nitisinone	3242
DB00349	Clobazam	2554 2555 2556 2557 2558 2559 2560 2561 2562 2563 2564 2565 2566 2567 2568 55879
DB00350	Minoxidil	3758 5742 5972
DB00351	Megestrol acetate	5241 2908
DB00353	Methylergometrine	1812 3357
DB00354	Buclizine	3269 1128
DB00356	Chlorzoxazone	3778
DB00357	Aminoglutethimide	1588 1583
DB00358	Mefloquine	3039 135
DB00360	Sapropterin	5053 4846 7054 7166
DB00361	Vinorelbine	203068
DB00363	Clozapine	1813 3356 1812 1814 1815 3350 3351 3352 3354 3358 3359 3362 3363 3269 59340 148 147 150 151 152 1128 1129 1131 1132 1133 50632 2950
DB00364	Sucralfate	2247 1950 2243 2244 2266
DB00366	Doxylamine	3269 1128 9970
DB00367	Levonorgestrel	5241 6715 2099 367 6462
DB00368	Norepinephrine	148 147 146 150 151 152 153 154 155 5053 6571 6570
DB00370	Mirtazapine	3356 3359 150 3358 4986 3269 152 3363 148 147 146 1813 1814 6530 6532 6531 3357 1812 1816 11255 148 153 154
DB00371	Meprobamate	2554 2555 2556 2557 2558 2559 2554 2555 2556 2557 2558 2559 2560 2561 2562 2563 2564 2565 2566 2567 2568 55879
DB00372	Thiethylperazine	1813 1812 1815
DB00373	Timolol	153 154
DB00374	Treprostinil	5739 5467 64805
DB00376	Trihexyphenidyl	1128 1129 1131 1132 1133
DB00377	Palonosetron	3359
DB00378	Dydrogesterone	5241
DB00379	Mexiletine	6331 196
DB00380	Dexrazoxane	7153 7155
DB00381	Amlodipine	775 781 783 776 779 774 55799 759 6609
DB00382	Tacrine	43 590 1066
DB00383	Oxyphencyclimine	1131 1128 1129
DB00384	Triamterene	6340 6337 6338 6339
DB00385	Valrubicin	7153
DB00387	Procyclidine	1128 1129 1132 1131
DB00388	Phenylephrine	148 147 146
DB00389	Carbimazole	7173
DB00390	Digoxin	476
DB00391	Sulpiride	1813 1814 760 761
DB00392	Profenamine	1128 116443 1129
DB00393	Nimodipine	775 776 778 779 782 783 784 785 4306 196
DB00394	Beclomethasone dipropionate	2908
DB00395	Carisoprodol	2554 2561 2566
DB00396	Progesterone	5241 2099 4306 1586 4986 8856 5004 2908 367 6462
DB00397	Phenylpropanolamine	1812 153 154 150 151 152
DB00398	Sorafenib	673 5894 2324 3791 2322 5159 3815 2260 5979 2321
DB00399	Zoledronic acid	2224 9453
DB00400	Griseofulvin	3859
DB00401	Nisoldipine	775 781 783 776 779
DB00402	Eszopiclone	2554 2555 2556 2558 706 2554 2555 2556 2557 2558 2559 2560 2561 2562 2563 2564 2565 2566 2567 2568 55879
DB00403	Ceruletide	886
DB00404	Alprazolam	2554 2555 2556 2557 2558 2559 2560 2561 2562 2563 2564 2565 2566 2567 2568 55879
DB00405	Dexbrompheniramine	3269
DB00407	Ardeparin	462 3053
DB00408	Loxapine	1813 1812 3356 3358 3350 3351 3352 3354 3359 3361 3362 3363 148 147 150 151 152 153 1128 1129 1131 1132 1133 1812 1816 1814 1815 1816 3269 3274 59340 6532 6530 6531
DB00409	Remoxipride	1813 1815 1814 3356 10280
DB00411	Carbamoylcholine	1128 1129 1135 43 1131 1132
DB00412	Rosiglitazone	5468 2182 5465 5467 6256 6257 6258
DB00413	Pramipexole	1814 1813 1815 151 3350 3352 150 3351 3356 3357 3358 152 1812 1816
DB00414	Acetohexamide	3758
DB00415	Ampicillin	6564 6565 7010
DB00416	Metocurine Iodide	1135
DB00417	Phenoxymethylpenicillin	6564
DB00418	Secobarbital	2554 2555 2556 2557 2558 2559 1137 1139 2891 2898 2902 2903 2904 2905 2906 116443 116444
DB00419	Miglustat	7357
DB00420	Promazine	1813 3356 3358 1812 1815 1132 1129 1131 1128 147 1133 148 3269 146
DB00421	Spironolactone	4306 367 5241 2908 1585 6715 6716 79644 6462 786 781 9254 55799 775 776 778 779 782 783 784 785 774 773 8913 8912 8911 8856
DB00422	Methylphenidate	6531 6530 6532
DB00423	Methocarbamol	759
DB00424	Hyoscyamine	1128 1129 1131 1132
DB00425	Zolpidem	2554 2555 2556 2562 2566
DB00427	Triprolidine	3269
DB00428	Streptozocin	6514 10724
DB00429	Carboprost tromethamine	5731
DB00431	Lindane	2560 2741 2742 8001 2743 2562 2569 5241 2099 8856
DB00432	Trifluridine	7298
DB00433	Prochlorperazine	1813
DB00434	Cyproheptadine	3269 3356 3358 1128 1129 1131 3363
DB00435	Nitric Oxide	2977 4489 3620
DB00436	Bendroflumethiazide	6559 3778 759 760 762
DB00437	Allopurinol	7498
DB00439	Cerivastatin	3156
DB00440	Trimethoprim	7298 1719
DB00441	Gemcitabine	6240 7298 51727
DB00443	Betamethasone	2908
DB00444	Teniposide	7153
DB00445	Epirubicin	1105 7153
DB00446	Chloramphenicol	1604
DB00448	Lansoprazole	495 4137
DB00449	Dipivefrin	148 150 154 590 43
DB00450	Droperidol	1813 148
DB00451	Levothyroxine	7067 7068
DB00452	Framycetin	7852
DB00454	Meperidine	4986 2902 2904 2903 2905 2906 1128 1129 1131 1132 1133 4988 6531 6530 6532 1066
DB00455	Loratadine	3269 3757
DB00457	Prazosin	148 147 146 3757 81033 90134 150 151
DB00458	Imipramine	6530 3356 6532 3269 148 146 1128 1129 1131 1132 1133 3751 3752 3358 147 3363 1812 1816 1813 3757 6531 3350 3362 3756 5005
DB00459	Acitretin	6256 5914 5915 5916 6257 6258 5947
DB00461	Nabumetone	5743 5742
DB00462	Methscopolamine bromide	1128 1129 1131
DB00464	Sodium Tetradecyl Sulfate	5624 5627
DB00465	Ketorolac	5743 5742
DB00467	Enoxacin	7153
DB00468	Quinine	2815 3783
DB00469	Tenoxicam	5743 5742
DB00470	Dronabinol	1268 1269
DB00471	Montelukast	10800 240
DB00472	Fluoxetine	6532 3757 3358 1163 1135 1136 1143
DB00473	Hexylcaine	6331 6336
DB00474	Methohexital	2554
DB00475	Chlordiazepoxide	2554 2555 2556 2557 2558 2559 2560 2561 2562 2563 2564 2565 2566 2567 2568 55879
DB00476	Duloxetine	6532 6530 6531
DB00477	Chlorpromazine	1813 1812 3350 3356 148 147 3269 3757 1812 1816 1814 1815 1816 3358 3356 3357 3358 148 147 146 150 151 152 1128 1131 6609 801 5004 5005 3362 3363 59340
DB00480	Lenalidomide	51185 8600 1003 5743
DB00481	Raloxifene	2099 2100 5272 7031
DB00482	Celecoxib	5743 5170 760 761 340273 9429 5243
DB00483	Gallamine Triethiodide	1129 43 1135 1128 1133
DB00484	Brimonidine	150 151 152
DB00486	Nabilone	1269 1268
DB00487	Pefloxacin	7153
DB00489	Sotalol	3757 153 154
DB00490	Buspirone	3350 1813
DB00491	Miglitol	8972 2548 23193 2595
DB00492	Fosinopril	1636
DB00493	Cefotaxime	9356 9376 55867 10864 6564 213 6565
DB00494	Entacapone	1312
DB00495	Zidovudine	7015
DB00496	Darifenacin	1131 1128 1129 1132 1133
DB00497	Oxycodone	4988 4986 4985 5004 5005
DB00498	Phenindione	79001
DB00499	Flutamide	367 196 8856
DB00500	Tolmetin	5743 5742
DB00501	Cimetidine	3274
DB00502	Haloperidol	1813 1812 2904 3356 1814 2847 6571
DB00503	Ritonavir	8856
DB00504	Levallorphan	4988
DB00508	Triflupromazine	1812 1813 3357 1128 1129
DB00509	Dextrothyroxine	7067 7068 7173
DB00511	Acetyldigitoxin	476
DB00513	Aminocaproic Acid	5340 5327
DB00514	Dextromethorphan	10280 116443 1135 6532 10857 1136 1137 1143 1141 1139 4988 4985 4986 1536 1535 653361 4688 4689 5879 5880 6530
DB00515	Cisplatin	4350 2 7018 475
DB00517	Anisotropine methylbromide	1128 1129 1131
DB00518	Albendazole	7846 10383
DB00519	Trandolapril	1636
DB00521	Carteolol	154 153
DB00523	Alitretinoin	5914 6256 5915 6257 5916 6258 3486 5673 340665
DB00524	Metolazone	6559
DB00527	Cinchocaine	6336 6331 801
DB00528	Lercanidipine	786
DB00530	Erlotinib	1956 8856
DB00531	Cyclophosphamide	8856
DB00532	Mephenytoin	6331 8856
DB00533	Rofecoxib	5743 2006
DB00534	Chlormerodrin	6557 7915
DB00535	Cefdinir	4353
DB00536	Guanidine	2593 6035 1742 217
DB00537	Ciprofloxacin	7153 3757
DB00539	Toremifene	2099 6462
DB00540	Nortriptyline	6530 6532 3356 3350 3269 148 146 1128 1129 1131 1132 1133 3358 3362 147 150 151 152 153 154 155 1813 10857 10280
DB00541	Vincristine	203068 7277
DB00542	Benazepril	1636
DB00543	Amoxapine	6530 6532 1813 1812 150 148 1128 2554 3356 3358 3362 3363 1814 1815 3269 148 147 146 1128 1129 1131 1132 1133 3357 3359 3350 3351 150 151 152 59340 2554 2555 2556 2557 2558 2559 2560 2561 2562 2563 2564 2565 2566 2567 2568 55879 6531
DB00544	Fluorouracil	7298
DB00545	Pyridostigmine	43 590 213
DB00547	Desoximetasone	2908
DB00548	Azelaic acid	6718 6716 7299
DB00549	Zafirlukast	10800
DB00550	Propylthiouracil	7173
DB00551	Acetohydroxamic acid	4321
DB00552	Pentostatin	100
DB00554	Piroxicam	5743 5742
DB00555	Lamotrigine	777 6326 134 135 148 150 153 1812 1816 1813 2554 2555 2556 2557 2558 2559 2560 2561 2562 2563 2564 2565 2566 2567 2568 55879 2554 2555 2556 2557 2558 2559 2565 2566 2567 3269 4986 1128 1129 1131 1132 1133 3356 3359
DB00557	Hydroxyzine	3269
DB00558	Zanamivir	4759
DB00559	Bosentan	1909 1910
DB00561	Doxapram	3777 51305
DB00562	Benzthiazide	6559 759 760 762 768 771
DB00563	Methotrexate	1719
DB00564	Carbamazepine	6331 1137 1141 8856
DB00565	Cisatracurium	1135
DB00568	Cinnarizine	3269 775 776 778 779 8913 8912 8911 1813 1812 1816 1128 1129 1131 1132 1133
DB00569	Fondaparinux	462 2159
DB00570	Vinblastine	7846 203068 51174 7283 51175 3725
DB00571	Propranolol	153 154 155 3350 3351
DB00572	Atropine	1128 1129 1131 1132 1133 2741 1137 1141
DB00573	Fenoprofen	5743 5742 5465 5468
DB00574	Fenfluramine	6532 3357 3358 3356
DB00575	Clonidine	150 151 152 148 147 146
DB00579	Mazindol	6530 6531 6532 6571
DB00580	Valdecoxib	5743 760 761
DB00583	Levocarnitine	6583 6584 1384 123096 788 54677 1376 1374 7498 1066 4353
DB00584	Enalapril	1636
DB00585	Nizatidine	3274
DB00586	Diclofenac	5743 5742 240 6329 41 3785 3786 5320
DB00588	Fluticasone propionate	2908 5241 5321 4306
DB00589	Lisuride	1813 1814 1815 1812 1816 3350 3352 3357 3356 3358 3351 150 151 152 3363
DB00590	Doxazosin	148 147 146 3757 81033 90134
DB00591	Fluocinolone acetonide	2908 301 302 306 307 308
DB00592	Piperazine	2562
DB00593	Ethosuximide	8913
DB00594	Amiloride	6337 6338 6340 6339 26 40 41 6548 5328
DB00596	Ulobetasol	2908
DB00598	Labetalol	153 154 148 147 146
DB00599	Thiopental	2554 2555 2556 2557 2558 2559 1137 1139 2891 2898 2166 1131
DB00600	Monobenzone	7299
DB00602	Ivermectin	8001 2562
DB00603	Medroxyprogesterone acetate	5241 2099
DB00604	Cisapride	3360 3359 3356 3757
DB00605	Sulindac	5743 5742 231 5595 5467 11251 57016
DB00606	Cyclothiazide	486 759 760 762 6424
DB00608	Chloroquine	2939 7124 54106
DB00610	Metaraminol	148
DB00611	Butorphanol	4986 4985 4988
DB00612	Bisoprolol	153 154
DB00613	Amodiaquine	3176
DB00615	Rifabutin	3320 7184
DB00617	Paramethadione	8911
DB00619	Imatinib	3815 4914 1436 5156 780 25 5159
DB00620	Triamcinolone	2908
DB00621	Oxandrolone	367
DB00622	Nicardipine	775 783 781 776 5136 5153 148 147 146 1128 1129 1131 1132 1133 801
DB00623	Fluphenazine	1813 1812 801 367 3356 3358
DB00624	Testosterone	367 2099 4306
DB00626	Bacitracin	3416 2
DB00627	Niacin	8843 338442 23475 4837
DB00628	Clorazepate	2554 2555 2556 2557 2558 2559 2560 2561 2562 2563 2564 2565 2566 2567 2568 55879 706
DB00629	Guanabenz	150 151
DB00630	Alendronic acid	2224 5775 5802 5791 523
DB00631	Clofarabine	5422 6240
DB00633	Dexmedetomidine	150
DB00635	Prednisone	2908 3290
DB00636	Clofibrate	5465
DB00637	Astemizole	3269 3757 3756 4137
DB00640	Adenosine	135 136 140 134
DB00641	Simvastatin	3156 3689 3683
DB00642	Pemetrexed	7298 471 1719 2618
DB00643	Mebendazole	7846 10383
DB00644	Gonadorelin	2798
DB00645	Dyclonine	6336
DB00647	Dextropropoxyphene	4988 4985 4986 1066
DB00648	Mitotane	1584 2230 2099 5241 367
DB00651	Dyphylline	5142 5141 5143 5144 134 135 5150 27115
DB00652	Pentazocine	4988 4986 10280
DB00653	Magnesium sulfate	786 781 775 782 783 779
DB00654	Latanoprost	5737
DB00655	Estrone	2099 2100 367 1588 6462
DB00656	Trazodone	3356 3358 6532 3350 3269 148 150
DB00657	Mecamylamine	1135 1139 1137 1141
DB00659	Acamprosate	2554 2555 2556 2557 2558 2559 2560 2561 2562 2563 2564 2565 2566 2567 2568 55879 2902 2903 2904 2905 2906 116443 116444 2915
DB00661	Verapamil	775 776 778 779 782 783 784 785 8911 8913 774 773 3757 6331 3767 6532 148 147 146
DB00663	Flumethasone	2908
DB00665	Nilutamide	367
DB00666	Nafarelin	2798
DB00668	Epinephrine	148 147 153 154 150 151 146 7124
DB00669	Sumatriptan	3352 3351 3355 3350
DB00670	Pirenzepine	1128
DB00672	Chlorpropamide	6833
DB00673	Aprepitant	6869
DB00674	Galantamine	43 1134 1140 1144 1146 1145 1135 1136 1137 1138 8973 1139 55584 57053 1141 1142 1143 590
DB00675	Tamoxifen	2099 2100 10682 5578 5579 5580 5581 5582 5584 5588 5590 367 3757 8856 2104 6462
DB00677	Isoflurophate	43 590 7018
DB00678	Losartan	185
DB00679	Thioridazine	1813 1812 148 147 3356 3757
DB00680	Moricizine	6331
DB00682	Warfarin	79001 8856
DB00683	Midazolam	2554 2555 2556 2557 2558 2560 2562 2561 2559 2565 2566 2567 2563 2564 2568 2569 2570 200959 55879
DB00685	Trovafloxacin	7153
DB00686	Pentosan Polysulfate	2247 2246 2249
DB00687	Fludrocortisone	4306 2908 367
DB00688	Mycophenolate mofetil	3614 3615
DB00690	Flurazepam	2554 2555 2556 2557 2558 2559 2560 2561 2562 2565 2566 2567 2563 2564 2568 2569 2570 200959 55879
DB00691	Moexipril	1636 59272
DB00692	Phentolamine	150 148 147 146
DB00694	Daunorubicin	7153 7155
DB00695	Furosemide	6557 760
DB00696	Ergotamine	3352 3351 3356 1813 148 147 146 150 151 6530 1812 1816 3350 3355 3358 3357
DB00697	Tizanidine	150 151 152 11188
DB00699	Nicergoline	148
DB00700	Eplerenone	4306
DB00703	Methazolamide	759 760 762 766 761
DB00704	Naltrexone	4985 4988 4986
DB00706	Tamsulosin	148 146 147
DB00707	Porfimer sodium	3949 2209
DB00708	Sufentanil	4988 4985 4986
DB00710	Ibandronate	2224
DB00711	Diethylcarbamazine	240 5742
DB00712	Flurbiprofen	5742 5743
DB00713	Oxacillin	6564 6565
DB00714	Apomorphine	1814 1815 1813 152 151 3358 1816 3350 3356 3357 150 1812 3352 3351 50632
DB00715	Paroxetine	6532 6530 3356 1128 1129 1131 1132 1133
DB00716	Nedocromil	10800 57105 2357 5729 3320
DB00717	Norethisterone	5241
DB00719	Azatadine	3269
DB00720	Clodronic acid	291 292 293
DB00721	Procaine	6336 116443 3359 6531 1135 3778 3779 10242 27094 27345 3783 3780 3781 3782 4128 4129
DB00722	Lisinopril	1636
DB00723	Methoxamine	148 147 146
DB00724	Imiquimod	51284 51311
DB00725	Homatropine Methylbromide	1129 1128 1132 1133 1131
DB00726	Trimipramine	6532 6530 6531 3356 3350 148 147 1813 151 3269 3358 3359 3352 150 1812 1816 153 154 155 1128 1129 1131 1132 1133
DB00727	Nitroglycerin	4881
DB00728	Rocuronium	1135 1129 3359
DB00729	Diphemanil Methylsulfate	1131
DB00731	Nateglinide	6833 5468
DB00732	Atracurium besylate	1135
DB00733	Pralidoxime	43 590
DB00734	Risperidone	3356 1813 1814 1815 148 147 3352 3269 150 151 152 3358 3350 1812 3363
DB00735	Naftifine	6713
DB00736	Esomeprazole	495
DB00737	Meclizine	3269 9970
DB00738	Pentamidine	1787
DB00740	Riluzole	6331 23657
DB00741	Hydrocortisone	2908 301 3291 3283
DB00744	Zileuton	240
DB00745	Modafinil	6531 147
DB00746	Deferoxamine	351
DB00747	Scopolamine	1128 6476 1129 1131 1132 1133 1137 1141
DB00748	Carbinoxamine	3269
DB00749	Etodolac	5743 5742 6256
DB00750	Prilocaine	6331
DB00751	Epinastine	3269 3274 148 150 3356 3363
DB00752	Tranylcypromine	4128 4129
DB00753	Isoflurane	2554 27032 2741 2890 3736 513 801 2554 2555 2556 2557 2558 2559 2560 2561 2562 2563 2564 2565 2566 2567 2568 55879 1137 1141
DB00754	Ethotoin	6331 8856
DB00755	Tretinoin	6257 6258 5916 216 9052 190 8854 5918 5914 5915 3933 29991 5950 5166 6256 1592 56603 340665 27306
DB00756	Hexachlorophene	6392 2746 2099
DB00757	Dolasetron	3359
DB00758	Clopidogrel	64805
DB00759	Tetracycline	5621 23569
DB00761	Potassium Chloride	6558 6557 57468 9990 10723 6560
DB00762	Irinotecan	7150 116447
DB00763	Methimazole	7173
DB00764	Mometasone	2908 5241
DB00765	Metyrosine	7054
DB00768	Olopatadine	3269 6271 6283 6285 6284 6273
DB00769	Hydrocortamate	2908
DB00770	Alprostadil	5732 5731 11251
DB00771	Clidinium	1128
DB00772	Malathion	590
DB00773	Etoposide	7153 7155
DB00774	Hydroflumethiazide	6557 759 760 762 768 771 476 3778
DB00775	Tirofiban	3674 3690
DB00776	Oxcarbazepine	6331
DB00777	Propiomazine	3269 3356 3358 1813 1812 1815 148 147 146 1131 1133 1129 1132 1128
DB00778	Roxithromycin	5243
DB00780	Phenelzine	4128 4129 8639 18 2875 84706
DB00782	Propantheline	1128
DB00783	Estradiol	2099 2100 8856 1137 10499 2852 4508 8678 3294 2104
DB00784	Mefenamic acid	5743 5742
DB00785	Cryptenamine	1129 1128 1131 1132 1133
DB00788	Naproxen	5742 5743
DB00789	Gadopentetic acid	5226
DB00790	Perindopril	1636 6424
DB00792	Tripelennamine	3269
DB00794	Primidone	2554 2555 2556 2557 2558 2559 1137 1139 2891 2898 2554 2555 2556 2557 2558 2559 2560 2561 2562 2563 2564 2565 2566 2567 2568 55879
DB00795	Sulfasalazine	240 5743 5742 5468 1147 3551 23657 38 6916 5319
DB00796	Candesartan cilexetil	185
DB00797	Tolazoline	148 150 3269 3274 152 151
DB00798	Gentamicin	4036 1719
DB00799	Tazarotene	5914 6257 5916 5915
DB00800	Fenoldopam	1816 1812 151 152 150 147 146 148
DB00801	Halazepam	2554 2555 2556 2558 2565 2566 2567 2560 2561 2562 2563 2564 2568 2569 2570 200959 2554 2555 2556 2557 2558 2559 2560 2561 2562 2563 2564 2565 2566 2567 2568 55879
DB00802	Alfentanil	4988
DB00804	Dicyclomine	1128 1129
DB00805	Minaprine	4128 3357 3356 3358 43 6532 1812 1813 1128
DB00806	Pentoxifylline	5142 134 8654 5141 135 4907
DB00807	Proparacaine	6336
DB00808	Indapamide	6559
DB00809	Tropicamide	1132 1128 1129 1131
DB00810	Biperiden	1135 1128
DB00811	Ribavirin	3614 3615 22978 5167
DB00812	Phenylbutazone	5743 5740 5742
DB00813	Fentanyl	4988 4985 4986 5243
DB00814	Meloxicam	5743 5742
DB00816	Orciprenaline	154
DB00818	Propofol	2561 2562 6329 6326 2554 2555 2556 2557 2558 2559 2560 2561 2562 2563 2564 2565 2566 2567 2568 55879
DB00819	Acetazolamide	759 760 762 771 23632 761 766 358
DB00820	Tadalafil	8654 50940
DB00821	Carprofen	5743 5742
DB00822	Disulfiram	217 1621
DB00823	Ethynodiol diacetate	5241 2099
DB00824	Enprofylline	5141 5142 136 134 135 140
DB00825	Levomenthol	79054 8989 162514 4986 775 776 778 779 782 783 784 785
DB00829	Diazepam	2554 2555 2556 2558 2560 2561 2562 2565 2566 2567 2563 2564 2568 2569 2570 200959 55879 706 2554 2555 2556 2557 2558 2559 2560 2561 2562 2563 2564 2565 2566 2567 2568 55879
DB00830	Phenmetrazine	6530 6531
DB00831	Trifluoperazine	1813 50632 148 801 7134 6275
DB00834	Mifepristone	5241 2908 354 8856
DB00835	Brompheniramine	3269 1128 1129 1131 1132 1133
DB00836	Loperamide	4988 4985 4986 773 5443 801 9970
DB00838	Clocortolone	2908
DB00839	Tolazamide	6833 3767
DB00841	Dobutamine	153 154 148 147 146 2099
DB00842	Oxazepam	2554 2555 2556 2557 2558 2559 2560 2561 2562 2565 2566 2567 2563 2564 2568 2569 2570 200959 55879 2554 2555 2556 2557 2558 2559 2560 2561 2562 2563 2564 2565 2566 2567 2568 55879
DB00843	Donepezil	43 3356
DB00844	Nalbuphine	4986 4988 4985
DB00845	Clofazimine	8647
DB00846	Flurandrenolide	2908
DB00847	Cysteamine	6750 4887
DB00848	Levamisole	1136 251
DB00849	Methylphenobarbital	2554 2555 2556 2557 2558 2559 1137 1139 2891 2898 8856
DB00850	Perphenazine	1813 1812 801
DB00851	Dacarbazine	23649 5226
DB00852	Pseudoephedrine	6530 6531 148 150 6532 154 153 4772 7124 466 1386 467 468 22809 22926 11016 122953 2353 3725 3558
DB00854	Levorphanol	4988 4985 4986
DB00855	Aminolevulinic acid	210
DB00857	Terbinafine	6713
DB00860	Prednisolone	2908
DB00861	Diflunisal	5743 5742
DB00862	Vardenafil	8654 5148 5149
DB00863	Ranitidine	3274 43 590
DB00864	Tacrolimus	2280
DB00865	Benzphetamine	6571 150 148 6531
DB00867	Ritodrine	154
DB00868	Benzonatate	6331
DB00869	Dorzolamide	760 762 759 761
DB00870	Suprofen	5742 5743
DB00871	Terbutaline	154 155 153
DB00872	Conivaptan	552 554
DB00875	Flupentixol	1813 3356 1812 148 1128
DB00876	Eprosartan	185
DB00877	Sirolimus	2475 2280 2247
DB00880	Chlorothiazide	6559 759 760
DB00881	Quinapril	1636
DB00882	Clomifene	2099 6462
DB00883	Isosorbide dinitrate	4881
DB00884	Risedronate	2224
DB00887	Bumetanide	6557 6558 6560 57468 1080
DB00889	Granisetron	3359
DB00890	Dienestrol	2099 6462
DB00892	Oxybuprocaine	6336
DB00893	Iron Dextran	3043 3039 2495 2512
DB00894	Testolactone	1588
DB00895	Benzylpenicilloyl Polylysine	2207 2205
DB00896	Rimexolone	2908
DB00897	Triazolam	2554 2555 2556 2557 2558 2559 2560 2561 2562 2565 2566 2567 2563 2564 2568 2569 2570 200959 55879 706 2554 2555 2556 2557 2558 2559 2560 2561 2562 2563 2564 2565 2566 2567 2568 55879
DB00898	Ethanol	2554 116443 2741 2742 782 3359 2555 57053 775 2558 2557 2556 2890 786 1135 2559 2891 2893 2892 1137 1141 3760 3763 7412 2030 3762 1139 55584 2560 2562 2561 779 776 1143 1136 1138 8973 1142 2565 2567 2564 2568 55879 2563 3177 285242 9177 200909 170572 10369 3765 3897
DB00899	Remifentanil	4988 4985 4986
DB00900	Didanosine	4860
DB00902	Methdilazine	3269
DB00903	Etacrynic acid	476 6557 51176 2950
DB00904	Ondansetron	3359 3360 4988 3350 3351
DB00905	Bimatoprost	5737 5731 5733 8644
DB00906	Tiagabine	6529
DB00907	Cocaine	6531 6530 6532 6331 11280 6336 1128 1129 10280 1066
DB00908	Quinidine	6331 3775 9424 3757 148 147 146
DB00909	Zonisamide	6323 6326 6328 6329 6331 6335 11280 6324 6327 55800 6330 8913 8912 8911 759 760 761 762 763 11238 765 766 767 768 56934 770 771 377677 23632 4129 4128
DB00910	Paricalcitol	7421
DB00912	Repaglinide	6833 5468
DB00913	Anileridine	4988
DB00914	Phenformin	5562 3764
DB00915	Amantadine	116443 1139 1813 1137 1136
DB00916	Metronidazole	1595
DB00917	Dinoprostone	5732 5731 5733 5734 11251
DB00918	Almotriptan	3351 3352
DB00920	Ketotifen	3269 5226
DB00921	Buprenorphine	4988 4986 4985 4987
DB00922	Levosimendan	7134 3767 3764 5139
DB00924	Cyclobenzaprine	3356
DB00925	Phenoxybenzamine	148 150 152 151 801 154 147 146
DB00927	Famotidine	3274
DB00928	Azacitidine	1786
DB00929	Misoprostol	5733 5732 5734
DB00933	Mesoridazine	3356 1813
DB00934	Maprotiline	6530 3269 1128 1129 1131 1132 1133 148 147 146 3356 3358 3363 1813 150 151 152
DB00935	Oxymetazoline	148 150 152 151 147 146
DB00936	Salicylic acid	5742 5743 1645
DB00937	Diethylpropion	6530 6531
DB00938	Salmeterol	154 153 155
DB00939	Meclofenamic acid	5742 5743 240 3785 3786
DB00940	Methantheline	1128 3274
DB00941	Hexafluronium	590
DB00942	Cycrimine	1128
DB00944	Demecarium	43 590
DB00945	Acetylsalicylic acid	5742 5743 1645 5562 5563 5564 5565 5571 51422 53632 1909 3551 7157 3309 6197 4792 4791 4790
DB00946	Phenprocoumon	79001
DB00947	Fulvestrant	2099
DB00949	Felbamate	2904 116443 2903
DB00950	Fexofenadine	3269
DB00951	Isoniazid	1558 1544 1576 1557
DB00952	Naratriptan	3352 3351 3355 3350
DB00953	Rizatriptan	3352 3351 3355
DB00956	Hydrocodone	4988 4985
DB00957	Norgestimate	5241 2099 367
DB00959	Methylprednisolone	2908
DB00960	Pindolol	153 154 3350 3351 155
DB00961	Mepivacaine	6336
DB00962	Zaleplon	2554 706
DB00963	Bromfenac	5743 5742
DB00964	Apraclonidine	150 148 151
DB00966	Telmisartan	185 5468
DB00967	Desloratadine	3269
DB00968	Methyldopa	150 1644
DB00969	Alosetron	3359
DB00970	Dactinomycin	7153 7155
DB00972	Azelastine	3269
DB00973	Ezetimibe	6646 29881 290
DB00975	Dipyridamole	10846 100 8654 5141 1827 5004
DB00977	Ethinylestradiol	2099 8856 6462
DB00978	Lomefloxacin	7153
DB00979	Cyclopentolate	1128
DB00980	Ramelteon	4543 4544
DB00981	Physostigmine	43 1137 1141
DB00982	Isotretinoin	5914
DB00983	Formoterol	154 153 155
DB00984	Nandrolone phenpropionate	367
DB00985	Dimenhydrinate	3269
DB00986	Glycopyrronium	1128 1131 1129
DB00987	Cytarabine	5423
DB00988	Dopamine	1813 1812 1816 1814 1815 6531 1621 3350 3363 1812 1816 6530 6532 3359 9177 6647 6571
DB00989	Rivastigmine	43 590
DB00990	Exemestane	1588
DB00991	Oxaprozin	5742 5743
DB00992	Methyl aminolevulinate	2209
DB00993	Azathioprine	3251 5879
DB00994	Neomycin	846
DB00995	Auranofin	25824 3551
DB00996	Gabapentin	781 9254 774 134 2902 2903 2904 2905 2906 116443 116444 2550 9568
DB00997	Doxorubicin	7153 9221
DB00998	Frovatriptan	3352 3351
DB00999	Hydrochlorothiazide	6559 759 760 3778
DB01001	Salbutamol	154 153 155
DB01002	Levobupivacaine	6336
DB01003	Cromoglicic acid	3778 6286
DB01005	Hydroxyurea	6240
DB01006	Letrozole	1588
DB01007	Tioconazole	1595
DB01009	Ketoprofen	5742 5743 3577
DB01010	Edrophonium	43 590
DB01011	Metyrapone	1584
DB01012	Cinacalcet	846
DB01013	Clobetasol propionate	2908
DB01014	Balsalazide	5468 5743 5742 240
DB01015	Sulfamethoxazole	2950
DB01016	Glyburide	6833 3767 3762 10060 8647 19 1080 3767 3764 1374
DB01017	Minocycline	3553 240 4318 7422 834 836 54205
DB01018	Guanfacine	150 151
DB01019	Bethanechol	1129 1128 1131 1132
DB01020	Isosorbide Mononitrate	2977
DB01021	Trichlormethiazide	6559 476 759 760 762
DB01022	Phylloquinone	2677 632
DB01023	Felodipine	775 781 783 776 779 8912 9254 801 5153 5136 4306 7125 7134
DB01024	Mycophenolic acid	3614 3615
DB01025	Amlexanox	6283 6284 3562 2246
DB01026	Ketoconazole	367 1589 1588 3757 8856 9970
DB01028	Methoxyflurane	2554 2890 2741 27032 3736 513 4535 2554 2555 2556 2557 2558 2559 2560 2561 2562 2563 2564 2565 2566 2567 2568 55879
DB01029	Irbesartan	185 3725
DB01030	Topotecan	7150 116447
DB01031	Ethinamate	759 760
DB01032	Probenecid	9356 55867 9376 24145 50833
DB01033	Mercaptopurine	3251 5471 3614 3615
DB01035	Procainamide	6331 1786 3757
DB01036	Tolterodine	1131 1129 1133 1128 1132
DB01037	Selegiline	4129 4128
DB01039	Fenofibrate	5465 5468 5467 8856
DB01041	Thalidomide	51185 7124 4790 2263 5743 5004 5005
DB01043	Memantine	116443 2903 2904 3359 1813 2902
DB01045	Rifampicin	8856 10599 6579 28234 1595 213 11309
DB01046	Lubiprostone	1181
DB01047	Fluocinonide	2908 6608
DB01049	Ergoloid mesylate	1812 1816 1813 1814 1815 148 147 146 150 151 152 153 154 155 3350 3351 3352 3354 3355 3356 3357 3358 3359 9177 170572 200909 285242 3360 3362 3363
DB01050	Ibuprofen	5743 5742 596 7056 2169 5468 1080 5465 2811 6278
DB01053	Benzylpenicillin	9376 6564 6565
DB01054	Nitrendipine	775 781 783 786 776 779 9254 8912
DB01056	Tocainide	6331
DB01057	Echothiophate	590
DB01059	Norfloxacin	7153
DB01062	Oxybutynin	1131 1129 1128
DB01063	Acetophenazine	1813 1812 367
DB01064	Isoprenaline	153 154 155 5594 5295 5296 8503 6647
DB01065	Melatonin	4543 4544 2099 801 4353 8288 811 438 4835
DB01067	Glipizide	6833 5468
DB01068	Clonazepam	2554 2555 2556 2557 2558 2559 2560 2561 2562 2563 2564 2565 2566 2567 2568 55879 706 8856
DB01069	Promethazine	3269 1813 1128 1129 1131 1132 1133 148 3356 801 3274
DB01070	Dihydrotachysterol	7421
DB01073	Fludarabine	6240 5422 1633
DB01074	Perhexiline	1374 1376 3757
DB01075	Diphenhydramine	3269 1129
DB01076	Atorvastatin	3156 1803 196
DB01077	Etidronic acid	5802 523
DB01078	Deslanoside	476
DB01079	Tegaserod	3360 3357 3358 3356
DB01080	Vigabatrin	2550 18
DB01081	Diphenoxylate	4988 4985
DB01082	Streptomycin	23569
DB01083	Orlistat	5406 8513 2194
DB01084	Emedastine	3269
DB01085	Pilocarpine	1131 1128 1129 1132
DB01086	Benzocaine	6336
DB01087	Primaquine	3855 4835
DB01088	Iloprost	5739 5731 5141 5142 5143 5144 5327 11251
DB01089	Deserpidine	6571
DB01090	Pentolinium	57053 1136 1143
DB01091	Butenafine	6713
DB01092	Ouabain	476 477 478
DB01095	Fluvastatin	3156
DB01097	Leflunomide	1723 196 2185
DB01098	Rosuvastatin	3156
DB01099	Flucytosine	1786
DB01100	Pimozide	1813 1814 3757 801
DB01101	Capecitabine	7298
DB01102	Arbutamine	153 154 155
DB01104	Sertraline	6532 6531 10857 10280
DB01105	Sibutramine	6530 6532 6531
DB01106	Levocabastine	3269 23620
DB01107	Methyprylon	2554 2554 2555 2556 2557 2558 2559 2560 2561 2562 2563 2564 2565 2566 2567 2568 55879
DB01108	Trilostane	3283 3284 2099 2100
DB01109	Heparin	462 2159 6403 2264 2249 9965 2260 2246 2263 2247 5196 3082
DB01110	Miconazole	4846 4843 3778 3779 10242 27094 27345 3783 3780 3781 3782 3757 81033 90134 8856
DB01113	Papaverine	5142 10846
DB01114	Chlorphenamine	3269 6532 6530 6531
DB01115	Nifedipine	775 781 783 776 779 801 3736 8912 8856
DB01116	Trimethaphan	57053
DB01117	Atovaquone	1723
DB01118	Amiodarone	3757 153 8912 9254 7067 7068 5468
DB01119	Diazoxide	3767 759 760 476 3778 6559
DB01120	Gliclazide	6833 7422
DB01121	Phenacemide	6323
DB01122	Ambenonium	43
DB01123	Proflavine	2147
DB01124	Tolbutamide	6833 3758
DB01125	Anisindione	2677
DB01126	Dutasteride	6716 6715
DB01127	Econazole	8856
DB01128	Bicalutamide	367
DB01129	Rabeprazole	495
DB01130	Prednicarbate	2908
DB01131	Proguanil	1719
DB01132	Pioglitazone	5468 5467 5465 4129
DB01133	Tiludronic acid	523 5770
DB01134	Desoxycorticosterone pivalate	4306
DB01135	Doxacurium	1135 1129
DB01136	Carvedilol	153 148 4718 154 7422 4879 2697 3757 7412 146 147 152 151 150 6401 3091 3761
DB01137	Levofloxacin	7153
DB01138	Sulfinpyrazone	1244 4363 116085 8856
DB01142	Doxepin	3269 3274 6530 6532 3356 3357 3358 1128 1129 1131 1132 1133 148 147 146 3350 150 151 152 1813 3362 59340 3757
DB01143	Amifostine	251 5167
DB01144	Diclofenamide	760 759 762 766 761
DB01146	Diphenylpyraline	3269 6531
DB01148	Flavoxate	1129 1128
DB01149	Nefazodone	3356 3358 6532 3350 6530 6531 147 150 148 3757
DB01151	Desipramine	6530 6532 3356 154 153 6609 3269 148 147 146 1128 1129 1131 1132 1133 3350 3358 1813 150 151 152
DB01154	Thiamylal	2554 3764 3767
DB01156	Bupropion	6531 6530 1136
DB01157	Trimetrexate	1719
DB01158	Bretylium	476
DB01159	Halothane	3777 51305 3778 116443 116444 2903 2741 6010 3763 3760 4535 3783 513 27032 2554 54331 387129 2554 2555 2556 2557 2558 2559 2560 2561 2562 2563 2564 2565 2566 2567 2568 55879
DB01160	Dinoprost Tromethamine	5737 5739
DB01161	Chloroprocaine	6336 116443 57053 3359 6531
DB01162	Terazosin	148 147 146 3757 81033 90134
DB01164	Calcium Chloride	6284
DB01165	Ofloxacin	7153
DB01166	Cilostazol	5139
DB01167	Itraconazole	1595
DB01168	Procarbazine	4128 4129
DB01169	Arsenic trioxide	3551 7296 3725 595 5595 5594 207 1026 3065 5371
DB01170	Guanethidine	6530
DB01171	Moclobemide	4128 4128 4129 4129
DB01173	Orphenadrine	2906 2902 116444 116443 3269 6530 6336
DB01174	Phenobarbital	2554 1137 1139 2891 2898 2902 2903 2904 2905 2906 116443 116444 8856
DB01175	Escitalopram	6532 6531 6530 148 1128 3269
DB01176	Cyclizine	3269 6783
DB01177	Idarubicin	7153
DB01178	Chlormezanone	706
DB01179	Podofilox	7153 7277 203068
DB01180	Rescinnamine	1636
DB01181	Ifosfamide	8856
DB01182	Propafenone	6331 3757 153 154
DB01183	Naloxone	4988 4985 4986 1385 2099 7099 1066
DB01184	Domperidone	1813 1814
DB01185	Fluoxymesterone	367 2099 5618 2908 3291
DB01186	Pergolide	1813 1814 1815 3350 3357 3356 3352 151 150 152 1816 1812 3351 3358 148 147 146
DB01188	Ciclopirox	476
DB01189	Desflurane	2554 2555 2556 2557 2558 2559 2560 2561 2562 2563 2564 2565 2566 2567 2568 55879 2741 2890 3736 27032 513 4535
DB01191	Dexfenfluramine	6532 3358
DB01192	Oxymorphone	4988 4985
DB01193	Acebutolol	153 154
DB01194	Brinzolamide	760 759 762 763 761
DB01195	Flecainide	6331 6329 3757
DB01196	Estramustine	4133 4130 2099 2100
DB01197	Captopril	1636 4313 4318 4048 623
DB01198	Zopiclone	2554 2555 2556 2558 706
DB01199	Tubocurarine	1135 3359 43 1139
DB01200	Bromocriptine	1813 1814 3352 150 3350 152 151 3357 1815 3356 3351 3358 1816 1812 148 147 146 3363
DB01202	Levetiracetam	9900 774
DB01203	Nadolol	153 154
DB01204	Mitoxantrone	7153
DB01205	Flumazenil	2554 2566 2558 2554 2555 2556 2557 2558 2559 2560 2561 2562 2563 2564 2565 2566 2567 2568 55879
DB01206	Lomustine	81551
DB01208	Sparfloxacin	7153
DB01209	Dezocine	4988 4986
DB01210	Levobunolol	154 153
DB01211	Clarithromycin	3757 10599 28234
DB01212	Ceftriaxone	55867 9356 9376 6564
DB01213	Fomepizole	124 125 126 847
DB01214	Metipranolol	154 153
DB01215	Estazolam	2554 2555 2556 2558 2565 2566 2567 2560 2561 2562 2563 2564 2568 2569 2570 200959 2554 2555 2556 2557 2558 2559 2560 2561 2562 2563 2564 2565 2566 2567 2568 55879
DB01216	Finasteride	6716 6715 6718
DB01217	Anastrozole	1588
DB01218	Halofantrine	3757
DB01219	Dantrolene	6261
DB01220	Rifaximin	8856
DB01221	Ketamine	116443 6869 1813 4985 6530 4986 4988 1128 1129 1131 1132 1133 3356 3357 3358 3350 3351 3352 3354 3355 3359 590 4842
DB01222	Budesonide	2908
DB01223	Aminophylline	5139 134 140 3066
DB01224	Quetiapine	3356 1813 3350 3351 3352 3354 3358 3359 3362 3363 1812 1816 1814 1815 3269 148 147 146 150 151 152 1128 1129 1131 1132 1133
DB01225	Enoxaparin	462 2159
DB01226	Mivacurium	1135 1129 1131 590
DB01227	Levacetylmethadol	4988 1143 1136
DB01228	Encainide	6331
DB01229	Paclitaxel	81027 596 8856 4134 4133 4137
DB01231	Diphenidol	1128 1131 1129
DB01233	Metoclopramide	1813 1128 3360 3359 43
DB01234	Dexamethasone	2908 190 301 4843 8856
DB01235	Levodopa	1812 1816 1813 1814 1815
DB01236	Sevoflurane	2554 2741 2890 3736 27032 513 4535 2554 2555 2556 2557 2558 2559 2560 2561 2562 2563 2564 2565 2566 2567 2568 55879
DB01237	Bromodiphenhydramine	3269
DB01238	Aripiprazole	3356 1813 3350 3351 3352 3354 3358 3359 3362 3363 1812 1816 1814 1815 3269 148 147 150 151 152 1128 1129 1131 1132 1133
DB01240	Epoprostenol	64805 5739 5740
DB01241	Gemfibrozil	5465
DB01242	Clomipramine	6532 3356 3357 3358 6530 2950
DB01244	Bepridil	773 8912 9254 476 3784 7134 801 5153 5136 3757
DB01245	Decamethonium	1135 43 1137 1141
DB01246	Alimemazine	3269
DB01247	Isocarboxazid	4128 4129
DB01248	Docetaxel	81027 596 4133 4134 4137 8856
DB01250	Olsalazine	7172 3458
DB01251	Gliquidone	6833 3764
DB01253	Ergometrine	148
DB01254	Dasatinib	25 6714 1969 3932 7525 3815 5159 6777 27 2534 695 8013 613 1445 2044 2050 2268 2444 3312 4067 51776 1432 5471
DB01255	Lisdexamfetamine	134864
DB01257	Eculizumab	727
DB01259	Lapatinib	1956 2064
DB01260	Desonide	2908
DB01261	Sitagliptin	1803
DB01262	Decitabine	1786
DB01267	Paliperidone	3356 1813 3269 148 147 1815 3352 1814 3358 150 151 152 3350 1812 3363
DB01268	Sunitinib	5159 2321 3815 3791 2324 2322 1436 5156
DB01269	Panitumumab	1956
DB01270	Ranibizumab	7422
DB01271	Idursulfase	10226
DB01272	Alglucosidase alfa	4074
DB01273	Varenicline	1137 1139 1136 8973 1141
DB01274	Arformoterol	154
DB01275	Hydralazine	8639 5033
DB01276	Exenatide	2740
DB01277	Mecasermin	3480 3486 3643 3482
DB01278	Pramlintide	799 10267 10266 10268
DB01279	Galsulfase	10226
DB01280	Nelarabine	5422
DB01281	Abatacept	941 942
DB01282	Carbetocin	5021
DB01283	Lumiracoxib	5743 5742
DB01284	Tetracosactide	4158
DB01285	Corticotropin	4158 1392
DB01288	Fenoterol	154 153 155
DB01291	Pirbuterol	154 153
DB01296	Glucosamine	4318 4791 7124 3458
DB01297	Practolol	153
DB01303	Oxtriphylline	5139 5141 135 134 3066
DB01306	Insulin Aspart	3643
DB01307	Insulin Detemir	3643
DB01309	Insulin Glulisine	3643
DB01320	Fosphenytoin	6331
DB01324	Polythiazide	6559
DB01325	Quinethazone	759 760 6557 6558 6559
DB01327	Cefazolin	5444 3600 3558
DB01336	Metocurine	1135 1129
DB01337	Pancuronium	1135 1129 1131
DB01338	Pipecuronium	1135 1129 1131
DB01339	Vecuronium	1135
DB01340	Cilazapril	1636
DB01345	Potassium cation	476
DB01346	Quinidine barbiturate	2554 2555 6331 3775 2891
DB01348	Spirapril	1636
DB01351	Amobarbital	2554 2555 2556 2557 2558 2559 1137 1139 2891 2898
DB01353	Butethal	2554 2555 2556 2557 2558 2559 1137 1139 2891 2898
DB01357	Mestranol	2099
DB01359	Penbutolol	153 154 3350 3351
DB01363	Ephedra	6531 6530 150 151 152 4128 4129 153 154 155 6532 6571 6570
DB01364	Ephedrine	6530 148 6571 43
DB01365	Mephentermine	148 147 146 150 151 152 153 154 155
DB01366	Procaterol	154
DB01367	Rasagiline	4129 596
DB01370	Aluminium	7018 476 3816 351
DB01373	Calcium	775 27032 7125 7134 6711 6285 831 1311 801 26 6284 250 6279 6280 6273 1356 652 4256 57526 10016
DB01378	Magnesium cation	476
DB01380	Cortisone acetate	2908
DB01381	Ginkgo biloba	6530 5320 2741 2554 2561 2566
DB01382	Glycodiazine	3758 6833
DB01392	Yohimbine	150 151 152 3350 3351 3352 1813 1814 3356 3358 3758 3766 3767 3768 3770 3772 3764 3357
DB01393	Bezafibrate	5465 5467 5468 8856 6256 6257 6258
DB01394	Colchicine	81027 203068
DB01395	Drospirenone	5241 4306 367
DB01396	Digitoxin	476
DB01397	Magnesium salicylate	5743 5742
DB01399	Salsalate	5743 5742
DB01400	Neostigmine	43
DB01401	Choline magnesium trisalicylate	5742 5743
DB01403	Methotrimeprazine	1813 1812 1816 1814 1815 3356 3358 3269 1128 1129 1131 1132 1133 148 147 146 150 151 152
DB01404	Ginseng	3569 5743 196
DB01406	Danazol	2099 367 5241 2798 6347
DB01407	Clenbuterol	154 153 155 4803 7124
DB01409	Tiotropium	1131 1128 1129 1132 1133
DB01410	Ciclesonide	2908
DB01418	Acenocoumarol	79001
DB01419	Antrafenine	5742 5743
DB01420	Testosterone propionate	367
DB01426	Ajmaline	6331
DB01427	Amrinone	5139 5142 7124
DB01428	Oxybenzone	5241 367 2099 2100
DB01430	Almitrine	476
DB01435	Antipyrine	5743 5742
DB01436	Alfacalcidol	7421 1594 6256
DB01437	Glutethimide	2554 2554 2555 2556 2557 2558 2559 2560 2561 2562 2563 2564 2565 2566 2567 2568 55879
DB01438	Phenazopyridine	6323
DB01440	gamma-Hydroxybutyric acid	79581 2560
DB01452	Diamorphine	4988 4986 4985 1066
DB01497	Etorphine	4988 4985 4986 4987 10206 5443
DB01535	Carfentanil	4988 4985 4986
DB01541	Boldenone	367
DB01544	Flunitrazepam	706 2555 2557 2558 2559 2556 2554 2562 2566
DB01548	Diprenorphine	4988 4985 4986 10206
DB01558	Bromazepam	2554 2555 2556 2557 2558 2559 2560 2561 2562 2565 2566 2567 2563 2564 2568 2569 2570 200959 55879
DB01559	Clotiazepam	2554 2555 2556 2558 2565 2566 2567 2560 2561 2562 2563 2564 2568 2569 2570 200959
DB01576	Dextroamphetamine	6571 6530 6531 134864 148 147
DB01577	Metamfetamine	6531 6532 6530 6571 6570 134864 150 151 152 4128 4129
DB01579	Phendimetrazine	148 6530 147
DB01580	Oxprenolol	153 154 155
DB01583	Liotrix	7067 7068
DB01586	Ursodeoxycholic acid	1646 9971
DB01587	Ketazolam	706 2554 2560 2565 2563 2564
DB01588	Prazepam	2554 2555 2556 2558 2565 2566 2567 2560 2561 2562 2563 2564 2568 2569 2570 200959 2554 2555 2556 2557 2558 2559 2560 2561 2562 2563 2564 2565 2566 2567 2568 55879
DB01589	Quazepam	2554 2555 2556 2558 2565 2566 2567 2560 2562 2563 2564 2568 2569 2570 200959 2554 2555 2556 2557 2558 2559 2560 2561 2562 2563 2564 2565 2566 2567 2568 55879
DB01590	Everolimus	2475
DB01591	Solifenacin	1131 1128 1129 1132 1133
DB01592	Iron	7037 54583 55869 51327 3039 2395 2495 2237 79661 252969 5423 1356 7018
DB01593	Zinc	623 4255 226 1915 2023 26330 4830 5034 2923 5052 5723 7167 7284 2099 3562 4502 9973 3065 9759 4350 6406 6647 55869 10572 2741 4193 3630 7402 443 6279 6280 4318 7161 6273 7157 4504 10016 199699 4489 1 2 183 197 325 335 336 55911 348 8542 713 714 715 716 718 721 722 725 727 79184 731 732 733 629 3075 3426 1191 1356 1369 1370 117159 1832 2161 2165 2147 8547 2243 2335 2934 3039 3043 3250 388697 3483 3697 3698 3699 3700 3512 3728 3818 3827 3848 3858 3861 3868 3849 3852 3853 3857 5005 114770 5444 6278 6414 5265 12 5267 866 3053 6462 7018 7276 7448 333 334 351 142
DB01595	Nitrazepam	2554 2555 2556 2557 2558 2559 2560 2561 2562 2565 2566 2567 2563 2564 2568 2569 2570 200959 55879 6323
DB01597	Cilastatin	1800
DB01599	Probucol	19 1066
DB01600	Tiaprofenic acid	5743 5742
DB01608	Periciazine	1812 150 147 367
DB01611	Hydroxychloroquine	51284 54106
DB01612	Amyl Nitrite	4881
DB01613	Erythrityl tetranitrate	4881 4882
DB01614	Acepromazine	1813 1812 3356 3350 148 147
DB01616	Alverine	3350
DB01618	Molindone	1813 3350 3356 1128
DB01619	Phenindamine	3269
DB01620	Pheniramine	3269 9970
DB01621	Pipotiazine	1813 1812 3356 3350
DB01622	Thioproperazine	1813 1812 3356 3350 148 147
DB01623	Thiothixene	1813 1812 3356
DB01624	Zuclopenthixol	1812 1816 1813 148 150 3356 3269
DB01625	Isopropamide	1131 1132
DB01626	Pargyline	4129 4128
DB01628	Etoricoxib	5743
DB01632	5-O-phosphono-alpha-D-ribofuranosyl diphosphate	353 3251 54963
DB01656	Roflumilast	5144 5141 5142 5143
DB01698	Rutin	8644 873
DB01708	Prasterone	2099 2100 2554 2555 2556 2557 2558 2559 2560 2561 2562 2563 2564 2565 2566 2567 2568 55879 2902 2903 2904 2905 2906 116443 116444 367 3292 6822 6820 5465 10280 8856 9970
DB01744	Camphor	7442 162514 8989 79054
DB01839	Propylene glycol	2162
DB01878	Benzophenone	2099 2100
DB01942	Formic Acid	3162 6035 1487 8573 87769 5816 98 4842 10243 9266 2246 760
DB01956	Taurine	2741 2904 2742 8001 2554 2555 2556 2557 2558 2559 2560 2561 2562 2563 2564 2565 2566 2567 2568 55879 2550
DB02266	Flufenamic Acid	5743 5742 8644 367 5465 5468
DB02300	Calcipotriol	7421
DB02325	Isopropyl Alcohol	8732 55256 2643 8200 6035 5645 5320 2760 1118 51181 9588 7124 54 191 7919
DB02530	gamma-Aminobutyric acid	2628 2550 9568
DB02546	Vorinostat	3065 3066 8841 10013 55869
DB02638	Terlipressin	554 553 552
DB02659	Cholic Acid	2235 126 2104 2172 1327 4512 4513 4514 9377 1329 1345 1349 1350 1351 1339 1340 1346 5319 1066 2235 9971 151306
DB02701	Nicotinamide	3939 142 23408 683
DB02709	Resveratrol	4835 1457 5742 5743 246 240 196 55300 3678 3690 351 6622 2099 4543 4544 161198 8856 9970 6513 873 5465 5468 207 8570 8565
DB02772	Sucrose	475 51493 58 4069 80834
DB02789	Pregnenolone	6820 8856
DB02893	D-Methionine	10988
DB02925	Piretanide	6557
DB03006	Arsanilic acid	4069
DB03017	Lauric Acid	128 2760 3172 5320 7436 51228 4057 733 26279 23643 7099 5465
DB03085	Glycolic acid	2539
DB03088	Pidolic Acid	7422 279 7032 10863 440021 3060 6355 280 283 276
DB03128	Acetylcholine	43 1128 1129 1131 1132 1139
DB03147	Flavin adenine dinucleotide	5447 2639 34 1610 4128 35 259307 4842 1728 56605 2936 1727 4835 3712 7498 1806 7296 27034 9131 1738 51706 4129 2232 51 2671 4704
DB03175	Propyl alcohol	4069
DB03193	Stearic acid	26279 5465
DB03247	Flavin mononucleotide	8986 51179 5447 60490 645 54363 55163 55312 4842 1806 1723 6446
DB03255	Phenol	213
DB03310	Glutathione disulfide	2946 2936
DB03585	Oxyphenbutazone	30814
DB03615	Ribostamycin	5034
DB03619	Deoxycholic Acid	79631 9971 2950 151306
DB03754	Tromethamine	124583 79661 262 7422 1634
DB03756	Doconexent	5465 5468 6256 6257 6258 6720
DB03766	Propanoic acid	10243
DB03793	Benzoic Acid	1610 10247 9367 25824 6564
DB03796	Palmitic Acid	5047 3174 1558 27095 6010 23541 5538 5375 3906 5465
DB03904	Urea	383 760 1499
DB03929	D-Serine	2741 2902 6317
DB04115	Berberine	332
DB04173	Fructose	2272
DB04209	Dequalinium	331 1259 3778
DB04224	Oleic Acid	51228 5375 5465 5467 6256 5468
DB04272	Citric Acid	259307 4282 58190 9146 4191 1360 11157 59338 733 353 283 7371 10673 635 231 3704 1431 9955 8654 6714 6035 27232 6037
DB04335	Inosine	4860
DB04339	Carbocisteine	2950
DB04465	Lactose	360203 51228 3958
DB04540	Cholesterol	6095 9970 7421 26253
DB04564	Gluconolactone	3938
DB04573	Estriol	2099 2100 6462
DB04574	Estrone sulfate	2099 2100
DB04575	Quinestrol	2099
DB04657	Carboxin	6389
DB04703	Hesperidin	9212
DB04743	Nimesulide	5743 30814 4057
DB04794	Bifonazole	1555
DB04817	Metamizole	5742
DB04820	Nialamide	4129 4128 1312
DB04824	Phenolphthalein	54600 8856 9970 2099 6462
DB04834	Rapacuronium	1129
DB04835	Maraviroc	1234
DB04837	Clofedanol	3269
DB04838	Cyclandelate	781 1066
DB04839	Cyproterone acetate	367 354
DB04840	Debrisoquin	6530
DB04841	Flunarizine	8913 8912 8911 3269 801
DB04842	Fluspirilene	1813 3356 786
DB04843	Mepenzolate	1128 1131
DB04844	Tetrabenazine	6571 1813
DB04845	Ixabepilone	10381
DB04846	Celiprolol	153 154 155 150 151 152
DB04854	Febuxostat	7498
DB04855	Dronedarone	148 147 146 150 151 152 153 3757 775 776 778 779 782 783 784 785 6323 3776
DB04861	Nebivolol	153 154
DB04864	Huperzine A	43
DB04865	Omacetaxine mepesuccinate	6122
DB04866	Halofuginone	1277 4313
DB04868	Nilotinib	25 3815
DB04871	Lorcaserin	3358
DB04876	Vildagliptin	1803
DB04880	Enoximone	5139
DB04890	Bepotastine	3269
DB04895	Pegaptanib	8829
DB04896	Milnacipran	6532 6530 2902 2903 2904 2905 2906 116443 116444
DB04898	Ximelagatran	2147
DB04899	Nesiritide	4881 4882 4883
DB04908	Flibanserin	3350 3356 1815
DB04910	Oxibendazole	10383
DB04920	Clevidipine	778 779 776 775
DB04930	Permethrin	6323 2099 8856
DB04932	Defibrotide	134 135 136
DB04938	Ospemifene	2099
DB04941	Crofelemer	1080 55107
DB04946	Iloperidone	3356 1813 1812 1814 1815 3350 3362 3363 148 3269 152
DB04948	Lofexidine	150 148 3350 3363 3358 3352
DB04951	Pirfenidone	5045
DB04953	Ezogabine	3785 3786 9132 56479
DB05013	Ingenol Mebutate	5580 5578
DB05015	Belinostat	3065 83933 79885 3066 8841 9759 10014 10013 51564 55869 9734
DB05018	Migalastat	2717
DB05039	Indacaterol	154
DB05084	Abaloparatide	5745
DB05099	Ancrod	2243
DB05219	Crisaborole	5141 5142 5143 5144
DB05239	Cobimetinib	5604
DB05246	Methsuximide	8913
DB05258	Natural alpha interferon	3454
DB05260	Gallium nitrate	6241 526 632 3553
DB05271	Rotigotine	1814 1815 1816 1813 1812 3350 151
DB05294	Vandetanib	7422 1956 5753 7010 5979
DB05299	keyhole limpet hemocyanin	3558
DB05311	Ecallantide	3818
DB05316	Pimavanserin	3356 1813
DB05332	Romiplostim	4352
DB05351	Dexlansoprazole	495 496
DB05381	Histamine	3269 3274 11255 59340 6571
DB05382	Iodine	4540
DB05389	Tetrachlorodecaoxide	10296 9332
DB05521	Telaprevir	10599 11309
DB05541	Brivaracetam	9900 6323 6336 11280 6326 6328 6329 6331 6332 6334 6335 6324 6327 55800 6330
DB05578	Ramucirumab	3791
DB05630	Sodium stibogluconate	7150
DB05676	Apremilast	5144 5141 5142 7124 3558 3458 4846
DB05679	Ustekinumab	3593 3593 51561
DB05773	Trastuzumab emtansine	2064
DB05777	Thrombomodulin Alfa	2147 2153
DB05812	Abiraterone	1586
DB05829	Parathyroid hormone	5745 5746
DB05889	Inotuzumab ozogamicin	933
DB05990	Obeticholic acid	9971
DB06016	Cariprazine	1814 1813 3350 3357 3356 3269
DB06043	Olaratumab	5156
DB06144	Sertindole	1813 3356 3358 3362 3757 148 147 146
DB06148	Mianserin	150 3356 3358 3269 6530 6532 59340 3350 152 3357 3355 151 1814 4986 6531 3363 1813 3362 148 147 146 1812 1816
DB06151	Acetylcysteine	2937 23657 95 3551 1147 2904 2902 2903 2906 116443
DB06152	Nylidrin	8911 3455
DB06153	Pizotifen	1128 1129 1131 3356 3357 3358 3350 3351 3352 3269 148 147 146 150 151 152
DB06154	Pentaerythritol tetranitrate	3039 3043
DB06155	Rimonabant	1268 9290
DB06168	Canakinumab	3553
DB06174	Noscapine	10280
DB06176	Romidepsin	3065 3066 9759 10013 4363
DB06186	Ipilimumab	1493
DB06196	Icatibant	624 290
DB06201	Rufinamide	2915 6335
DB06202	Lasofoxifene	2099 2100 1269
DB06203	Alogliptin	1803
DB06204	Tapentadol	4988 6530 4986 4985 3359 6532
DB06205	Hyaluronidase (Human Recombinant)	7040
DB06207	Silodosin	148 147 146
DB06209	Prasugrel	64805
DB06210	Eltrombopag	4352
DB06212	Tolvaptan	554 552
DB06213	Regadenoson	135
DB06216	Asenapine	1813 3356 3350 3351 3357 3358 3361 3362 3363 150 151 152 148 1812 1814 1815 3269 3274 153 154
DB06217	Vernakalant	6331 3741 3752 3757
DB06218	Lacosamide	6335 6328 6336
DB06228	Rivaroxaban	2159
DB06230	Nalmefene	4988 4986 4985
DB06237	Avanafil	8654
DB06243	Eflornithine	4953
DB06249	Arzoxifene	2099 2100
DB06262	Droxidopa	148 147 146 150 151 152 153 154 155 5053
DB06268	Sitaxentan	1909 1910
DB06271	Sulodexide	3053 462
DB06273	Tocilizumab	3570
DB06274	Alvimopan	4988 4986 4985
DB06282	Levocetirizine	3269
DB06285	Teriparatide	5745
DB06287	Temsirolimus	2475
DB06288	Amisulpride	1813 1814 3363 3356
DB06292	Dapagliflozin	6524
DB06317	Elotuzumab	57823
DB06335	Saxagliptin	1803
DB06366	Pertuzumab	2064
DB06372	Rilonacept	3553 3552 3557
DB06401	Bazedoxifene	2099 2100
DB06403	Ambrisentan	1909 1910
DB06404	Human C1-esterase inhibitor	715 716 3818 2161 2147 2160 5327
DB06410	Doxercalciferol	7421
DB06412	Oxymetholone	367 4879
DB06413	Armodafinil	6531
DB06439	Tyloxapol	4023
DB06441	Cangrelor	64805
DB06480	Prucalopride	3360
DB06589	Pazopanib	2321 3791 2324 5156 5159 3815 2261 3702 2246 10019
DB06594	Agomelatine	3358 4543 4544
DB06595	Midostaurin	5578 3791 3815 5156 5159 2322
DB06602	Reslizumab	3567
DB06603	Panobinostat	3065 83933 79885 3066 8841 9759 10014 10013 51564 55869 9734
DB06605	Apixaban	2159
DB06607	Catumaxomab	4072 2212 2214 2215 916 2209
DB06612	Mepolizumab	3567
DB06616	Bosutinib	613 25 4067 3055 6714 1017 5604 5605 10746 818
DB06626	Axitinib	2321 3791 2324
DB06637	Dalfampridine	3736 3737 3738 3739 3741 3742 3743 3744 3745 9312 3746 3747 3748 3750 3751 3752
DB06643	Denosumab	8600
DB06650	Ofatumumab	931
DB06654	Safinamide	4129
DB06655	Liraglutide	2740
DB06663	Pasireotide	6751 6752 6753 6755
DB06674	Golimumab	7124
DB06681	Belatacept	942 941
DB06684	Vilazodone	3350
DB06688	Sipuleucel-T	55
DB06689	Ethanolamine oleate	2161
DB06691	Mepyramine	3269
DB06692	Aprotinin	5644 1504 5340 3816
DB06694	Xylometazoline	148 150 151 147 146 152
DB06695	Dabigatran etexilate	2147
DB06698	Betahistine	3269 11255
DB06699	Degarelix	2798
DB06700	Desvenlafaxine	6532 6530
DB06701	Dexmethylphenidate	6531 6530 6532
DB06702	Fesoterodine	1131 1132 1128 1129 1133
DB06706	Isometheptene	148 6571
DB06707	Levonordefrin	150 151 152
DB06709	Methacholine	1131
DB06710	Methyltestosterone	367 2099
DB06711	Naphazoline	148 150
DB06713	Norelgestromin	5241 213 367
DB06714	Propylhexedrine	6571 134864
DB06716	Fospropofol	2561 2562
DB06719	Buserelin	3973 2798
DB06720	Velaglucerase alfa	2629
DB06725	Lornoxicam	5742 5743
DB06736	Aceclofenac	5743 5742
DB06751	Drotaverine	5141 775
DB06752	Chymopapain	5553
DB06754	Danaparoid	462
DB06756	Glycine betaine	596
DB06757	Manganese	3419 3421 10454 383 7018
DB06764	Tetryzoline	148
DB06766	Alcaftadine	3269
DB06772	Cabazitaxel	7277 81027
DB06773	Human calcitonin	87
DB06774	Capsaicin	7442 11331
DB06775	Carglumic acid	1373
DB06777	Chenodeoxycholic acid	9971 8856 151306 1646
DB06779	Dalteparin	462 7422 7035 6403
DB06780	Desoxycorticosterone acetate	4306
DB06781	Difluprednate	2908
DB06782	Dimercaprol	351
DB06785	Ganirelix	2798
DB06786	Halcinonide	6608
DB06787	Hexocyclium	1128 1129 1131 1132
DB06788	Histrelin	2798
DB06789	Hydroxyprogesterone caproate	5241
DB06791	Lanreotide	6752 6755
DB06795	Mafenide	765
DB06800	Methylnaltrexone	4988 4986
DB06802	Nepafenac	5742 5743
DB06809	Plerixafor	7852
DB06813	Pralatrexate	1719 7298
DB06814	Protokylol	154
DB06822	Tinzaparin	462 3676 6387
DB06825	Triptorelin	2798
DB07776	Flavone	2101 2103 1545
DB08439	Parecoxib	5743 4057
DB08604	Triclosan	8856 367 9970 5468 7173
DB08799	Antazoline	3269
DB08801	Dimetindene	3269 1129
DB08804	Nandrolone decanoate	367
DB08809	Dichloroacetic Acid	5163 2954
DB08813	Nadroparin	462 6403 2353 4609
DB08814	Triflusal	5742 4790 4843 10846
DB08815	Lurasidone	1813 3356 3363 3350 152 150
DB08816	Ticagrelor	64805
DB08818	Hyaluronic acid	960 3383 3161 1463 1462 708 1404 145864 404037 3026 143903 55576 7130 50939 22927
DB08819	Tafluprost	5737
DB08820	Ivacaftor	1080
DB08822	Azilsartan medoxomil	185
DB08827	Lomitapide	4547
DB08828	Vismodegib	6608
DB08860	Pitavastatin	3156
DB08862	Cholecystokinin	886 5894 5595 1950 5579 887
DB08864	Rilpivirine	8856
DB08865	Crizotinib	238 4233
DB08867	Ulipristal	5241 2908 367
DB08868	Fingolimod	53637 3065
DB08869	Tesamorelin	2692
DB08870	Brentuximab vedotin	943
DB08871	Eribulin	596 81027
DB08872	Gabapentin enacarbil	781 9254
DB08875	Cabozantinib	4233 3791 5979
DB08877	Ruxolitinib	3716 3717
DB08879	Belimumab	10673
DB08880	Teriflunomide	1723
DB08881	Vemurafenib	673
DB08882	Linagliptin	1803
DB08883	Perampanel	2890
DB08885	Aflibercept	7422 5228 7423
DB08888	Ocriplasmin	2335 2 5345
DB08889	Carfilzomib	5693 5696 5689 5698 5690 5699
DB08890	Linaclotide	2984
DB08893	Mirabegron	155
DB08894	Peginesatide	2057
DB08895	Tofacitinib	3716 3717 3718 7297
DB08896	Regorafenib	2321 3791 2324 3815 5156 5159 2260 2263 7010 4921 4914 1969 5894 673 5600 2444 25 5979
DB08897	Aclidinium	1128 1129 1131 1132 1133
DB08899	Enzalutamide	367
DB08900	Teduglutide	9340
DB08901	Ponatinib	25 613 3815 5979 7010 2322 2260 2263 2261 2264 3932 6714 4067 3791 5156
DB08904	Certolizumab pegol	7124
DB08906	Fluticasone furoate	2908
DB08907	Canagliflozin	6524 6523
DB08908	Dimethyl fumarate	9817 5970
DB08910	Pomalidomide	51185 7124 5743
DB08911	Trametinib	5604 5605
DB08912	Dabrafenib	673 5894 150094 79858 3984
DB08916	Afatinib	1956 2064 2066
DB08918	Levomilnacipran	6532 6530
DB08931	Riociguat	2977
DB08932	Macitentan	1909 1910
DB08935	Obinutuzumab	931
DB08936	Chlorcyclizine	3269
DB08949	Inositol nicotinate	8843 338442
DB08954	Ifenprodil	2902 2904
DB08964	Gemeprost	5732 5733
DB08995	Diosmin	196
DB09016	Butriptyline	6532 3269 3356
DB09026	Aliskiren	5972
DB09029	Secukinumab	3605
DB09030	Vorapaxar	2149
DB09031	Miltefosine	5243
DB09033	Vedolizumab	3676 3695
DB09034	Suvorexant	3061 3062
DB09035	Nivolumab	5133
DB09036	Siltuximab	3569
DB09037	Pembrolizumab	5133
DB09038	Empagliflozin	6524
DB09039	Eliglustat	7357
DB09043	Albiglutide	2740
DB09045	Dulaglutide	2740
DB09046	Metreleptin	3953
DB09047	Finafloxacin	7153
DB09048	Netupitant	6869
DB09049	Naloxegol	4988
DB09052	Blinatumomab	930 915
DB09053	Ibrutinib	695
DB09059	Atosiban	5021 552 553 554
DB09061	Cannabidiol	1268 1269 2835 2741 2741 2743 8001 2841 9290 3350 3356 1139 4985 4988 5468 7442 8913 8912 8911 8989 79054 51393 162514 59341 7416 3359 134
DB09063	Ceritinib	238
DB09064	Ciprofibrate	5465
DB09066	Corifollitropin alfa	2492
DB09067	Corticorelin ovine triflutate	1394
DB09068	Vortioxetine	6532 3359 3363 3351 3350 153
DB09069	Trimetazidine	30
DB09070	Tibolone	2099
DB09071	Tasimelteon	4543 4544
DB09073	Palbociclib	1019 1021
DB09074	Olaparib	142 10038 10039
DB09075	Edoxaban	2159
DB09076	Umeclidinium	1128 1129 1131 1132 1133
DB09078	Lenvatinib	2321 3791 2324 2260 2263 2261 2264 3815
DB09079	Nintedanib	2321 3791 2324 2260 2263 2261 2322 3932 4067 6714
DB09080	Olodaterol	154
DB09082	Vilanterol	154
DB09083	Ivabradine	610
DB09085	Tetracaine	6261 6262
DB09086	Eugenol	2099 2100 367 162514
DB09089	Trimebutine	4988 775 776 778 779 782 783 784 785 3778 3779 10242 27094 27345 3783 3780 3781 3782 8913 8912 8911 1128 1129 1131 1132
DB09090	Pinaverium	779
DB09091	Tixocortol	2908 3066
DB09092	Xanthinol	6122 23530 2597 3419 4967 4191
DB09095	Difluocortolone	306 2908
DB09097	Quinagolide	1813 1812 1816
DB09098	Somatrem	2690 3480
DB09099	Somatostatin	6751 6752 6753 6754 6755
DB09103	Ancestim	3815
DB09105	Asfotase Alfa	1901
DB09107	Methoxy polyethylene glycol-epoetin beta	2057
DB09108	Simoctocog Alfa	7450
DB09109	Turoctocog alfa	2158 2159 2147
DB09112	Nitrous acid	3039 3043 4151
DB09118	Stiripentol	2554 2555 2556 2557 2558 2559 2560 2561 2562 2563 2564 2565 2566 2567 2568 55879 3939 3945
DB09119	Eslicarbazepine acetate	5025
DB09120	Zucapsaicin	7442
DB09121	Aurothioglucose	107 108 111
DB09123	Dienogest	5241 367
DB09124	Medrogestone	5241
DB09126	Chorionic Gonadotropin (Human)	3973
DB09128	Brexpiprazole	3350 1813 3356 152 147
DB09129	Chromic chloride	3643
DB09130	Copper	351 191 3017 2597 4830 3008 5052 6279 3921 71 2023 1915 3856 5034 2923 3329 6782 3309 7184 7018 6187 6426 3181 3187 3189 3191 6421 8175 10399 87 95 307 308 811 5315 10327 1727 2936 7086 7001 9588 5478 3312 3320 10728 10963 3692 1973 2821 3939 5230 7278 203068 1072 7529 2805 2937 3068 3419 1192 5720 5037 5223 5902 7358 567 6341 5621 2741 3064 79661 252969 341208 5054 6273 6275 6622 627 11315 3375 6866 1 173 183 197 325 335 336 55911 344 345 347 348 350 563 714 716 718 721 722 727 732 735 3075 3426 7123 1191 2147 708 2934 3039 3043 23468 3250 3483 3543 3698 3827 3848 3858 3849 3857 116844 4060 114770 5340 5444 5473 5265 5267 866 6906 462 3053 5176 5345 710 7276 7448 333
DB09131	Cupric Chloride	5624 1476
DB09140	Oxygen	4512 27035 3039 3043
DB09143	Sonidegib	6608
DB09146	Iron saccharate	3039
DB09148	Florbetaben (18F)	351
DB09149	Florbetapir (18F)	351
DB09151	Flutemetamol (18F)	351
DB09167	Dosulepin	3350 3356 3269 1128 1129 1131 1132 1133 150 151 152 148 147 146 6530 6532
DB09185	Viloxazine	6530
DB09195	Lorpiprazole	3356 3358 148 147 146 150 151 152 3269 6532
DB09205	Moxisylyte	148 147 146 150 151 152
DB09209	Pholcodine	4988 4986 4985
DB09213	Dexibuprofen	5743 5742 596 7056 5327 2169 5468 1080 6564 5465 2811 6278
DB09214	Dexketoprofen	5742 5743
DB09216	Tolfenamic Acid	5742 5743
DB09217	Firocoxib	5743
DB09220	Nicorandil	10060
DB09225	Zotepine	1812 1816 1813 3356 3362 3363 6530 6532
DB09228	Conestat alfa	715 716 3818 2161 2147 2160 5327
DB09236	Lacidipine	775 776 778 779 782 783 784 785
DB09238	Manidipine	775 776 778 779 782 783 784 785 8913 8912 8911
DB09241	Methylene blue	2977 4842
DB09242	Moxonidine	150 11188
DB09256	Tegafur	7298
DB09257	Gimeracil	1806
DB09258	Bemiparin	2159 462 3053
DB09265	Lixisenatide	2740
DB09266	Technetium Tc-99m tilmanocept	4360
DB09270	Ubidecarenone	4731 6389
DB09272	Eluxadoline	4988 4985 4986
DB09280	Lumacaftor	1080
DB09282	Molsidomine	2977
DB09292	Sacubitril	4311
DB09300	Butylscopolamine	1131 1129
DB09301	Chondroitin sulfate	627 2668 7422 6347
DB09302	Alirocumab	255738
DB09310	Coagulation Factor XIII A-Subunit (Recombinant)	2165
DB09317	Synthetic Conjugated Estrogens, A	2099
DB09318	Synthetic Conjugated Estrogens, B	2099
DB09327	Tegafur-uracil	1806 7298
DB09329	Antihemophilic Factor (Recombinant), PEGylated	7450
DB09330	Osimertinib	1956
DB09331	Daratumumab	952
DB09332	Kappadione	2147 2155 2158 2159 5624 2677 5627
DB09333	Iopodic acid	1735
DB09334	Seractide acetate	4158
DB09336	Technetium Tc-99m nofetumomab merpentan	4072 931
DB09343	Tipiracil	1890
DB09351	Levobetaxolol	153
DB09369	Polyestradiol phosphate	2099
DB09371	Norethynodrel	2099 367 6462
DB09389	Norgestrel	5241 6715 367
DB09401	Isosorbide	596 598 4170
DB09409	Magnesium acetate tetrahydrate	2902 2903 2904 2905 2906 116443 116444
DB09418	Potassium perchlorate	6528
DB09421	Protirelin	7201
DB09422	Soybean oil	5465
DB09460	Sodium carbonate	759 760 762 768
DB09462	Glycerin	5467 27306 2950 30814 51477 125 3708 5047 4668 7048 375 9061 1787
DB09472	Sodium sulfate	760 759
DB09477	Enalaprilat	1636 623
DB09481	Magnesium carbonate	2902 2903 2904 2905 2906 116443 116444
DB09488	Acrivastine	3269
DB09517	Sodium ferric gluconate complex	2512 3039 3043
DB09526	Hydroquinone	7299
DB09532	Secretin human	6344
DB09535	Octocrylene	2099 2100
DB09536	Titanium dioxide	8685
DB09552	Thonzonium	528
DB09555	Dexchlorpheniramine maleate	3269
DB09559	Necitumumab	1956
DB09564	Insulin Degludec	3643
DB09568	Omega-3-carboxylic acids	84649 3028 1892 3033 6785 4023
DB10770	Foreskin fibroblast (neonatal)	3569 2321 3554 7048 2246 3458 2263 1438 5159 7040 7124
DB10772	Foreskin keratinocyte (neonatal)	2246 1956 1438 3553 3569 3458 2263 5156 7048 7040 7124 7422
DB11059	Carboxymethylcellulose	6513
DB11064	Homosalate	5241 367 2099
DB11071	Phenyl salicylate	5742 5743
DB11075	Hypromellose	4072
DB11077	Polyethylene glycol 400	5167
DB11079	Trolamine salicylate	5742 5743
DB11081	Aluminum chloride	2746
DB11085	Resorcinol	7173
DB11087	Pyrethrum extract	8856
DB11090	Potassium nitrate	3757
DB11093	Calcium Citrate	846 811 10519 10016 6717 11261 6678 821 2201 6285 845 9104 553115 6277 7178 10518 6284 844 4924 4925 801 84467 25801 8618 801 801 140576 794 93664 125972 9378 23413
DB11094	Vitamin D	7421 2638
DB11113	Castor oil	5733 5734
DB11120	Turpentine	5594
DB11124	Racepinephrine	148 147 150 151 152 153 154 146 155
DB11130	Opium	4985 4986 4988
DB11131	Capsicum oleoresin	7442
DB11132	Silicon dioxide	8685
DB11133	Omega-3 fatty acids	5468 5465 6720
DB11136	Chromium	1528
DB11148	Butamben	786 781 9254 55799 775 776 778 779 782 783 784 785 774 773 8913 8912 8911 3758 3766 3767 3768 3770 3772 3764
DB11156	Pyrantel	2859 1128
DB11157	Anthralin	3849 9479 3859
DB11166	Antithrombin Alfa	2147 2159
DB11181	Homatropine	1128 1129 1131 1132 1133
DB11186	Pentoxyverine	10280 3757 4986 4988
DB11193	Papain	7099
DB11201	Menthyl salicylate	5742 5743
DB11217	Arbutin	7299
DB11219	Enzacamene	5241 367 2100 2099
DB11221	Dioxybenzone	6462
DB11235	Thonzylamine	3269 1128 1129 1131 1132 1133
DB11254	Hexylresorcinol	7150 7052 7299
DB11273	Dihydroergocornine	3350 3351 3352 3354 3355 3356 3357 3358 3359 9177 170572 200909 285242 3360 3362 3363 153 154 155 148 147 146 150 151 152
DB11274	Dihydro-alpha-ergocryptine	1813 1812 1816 1814
DB11275	Epicriptine	1812 1816 1813 1814 1815
DB11278	DL-Methylephedrine	153 150 148 147 146 150 151 152 153 154 155
DB11294	Coccidioides immitis spherule	3105
DB11300	Thrombin	2149 9002 2160 2162 2165 2243 2244 2266 2153 2157
DB11311	Prothrombin	2243 2244 2162 1361
DB11323	Glycol salicylate	5742 5743
DB11327	Dipyrithione	4843 5743
DB11328	Tetradecyl hydrogen sulfate (ester)	10544
DB11338	Clove oil	7412 3627 1277 1438
DB11348	Calcium Phosphate	846 811 10519 10016 6717 11261 6678 821 2201 6285 845 9104 553115 6277 7178 10518 6284 844 4924 4925 801 84467 25801 8618 801 801 140576 794 93664 125972 9378 23413
DB11359	Guaiacol	213
DB11362	Selexipag	5739
DB11363	Alectinib	238
DB11386	Chlorobutanol	3757
DB11397	Dichlorvos	7018 590
DB11421	Imidacloprid	89832
DB11429	Mibolerone	367
DB11477	Xylazine	150 151 152
DB11560	Lesinurad	116085 55867
DB11569	Ixekizumab	3605
DB11571	Human Thrombin	2153 2157 2160 2162 2165 2243 2244 2266
DB11572	Thrombin Alfa	2160 2157 2153 2162 2165 2243 2244 2266
DB11577	Indigotindisulfonic Acid	196 148 147 146 150 151 152
DB11581	Venetoclax	596
DB11584	Pipradrol	1812 1816
DB11587	Etafedrine	154
DB11588	Carbon monoxide	4151
DB11590	Thimerosal	4548 23657 486
DB11591	Bilastine	3269
DB11595	Atezolizumab	29126
DB11598	Antithrombin III human	462
DB11601	Tuberculin Purified Protein Derivative	7097
DB11605	Myrrh	9971 8856 5465
DB11606	Susoctocog alfa	7450
DB11607	Efmoroctocog alfa	7450
DB11611	Lifitegrast	3683
DB11614	Rupatadine	5724 3269
DB11619	Gestrinone	6462 5241 2908 367 2798 2099
DB11626	Tasonermin	7132 7133
DB11632	Opicapone	1312
DB11633	Isavuconazole	3757 775 3763 3765 3767 3741 3752 3784 6331
DB11635	Tocofersolan	5243
DB11639	Dibotermin alfa	659 657
DB11640	Amifampridine	3736
DB11641	Vinflunine	203068
DB11642	Pitolisant	11255 3757
DB11644	Tafamidis	7276
DB11660	Latanoprostene Bunod	5737
DB11672	Curcumin	5468 7421 10057 873 2950
DB11691	Naldemedine	4988 4985 4986
DB11699	Tropisetron	3359
DB11703	Acalabrutinib	695
DB11712	Tezacaftor	1080
DB11714	Durvalumab	29126 941
DB11718	Encorafenib	673 595
DB11730	Ribociclib	1019 1021
DB11738	Rilmenidine	150
DB11760	Talazoparib	142 10038
DB11767	Sarilumab	3570 2209 2212 2213 2214 2215
DB11793	Niraparib	142 10038
DB11817	Baricitinib	3716 3717 2185 3718
DB11827	Ertugliflozin	6524
DB11828	Neratinib	1956
DB11834	Guselkumab	51561
DB11842	Angiotensin II	185
DB11855	Revefenacin	1128 1129 1131 1132 1133
DB11901	Apalutamide	367 2554 2555 2556 2557 2558 2559 2560 2561 2562 2563 2564 2565 2566 2567 2568 55879
DB11945	Avelumab	29126
DB11952	Duvelisib	5294 5293
DB11963	Dacomitinib	1956
DB11967	Binimetinib	3569 7124 3553 4214 5605
DB11979	Elagolix	2798
DB11988	Ocrelizumab	931
DB11994	Diacerein	10062 7376 240 1544 1576 64816 1577 1551 1571 1559 1565
DB11995	Avatrombopag	9429 4352 9376
DB12001	Abemaciclib	1019 1021
DB12010	Fostamatinib	6850 140 2166 2030 54658 8654 240 1520 1514 25 27330 7297 56997 3716 4233 167359 51765 5566 8428 6788 7006 65975 140901 27148 11329 23012 27347 57551 9344 51347 29110 7010 7016 7046 7048 7075 9874 11011 23043 8711 10188 51086 83942 7272 7294 7301 8408 9706 25989 7465 7525 80122 51776 7535 22848 27 90 91 79934 238 255239 6790 9212 6795 558 640 55589 658 659 660 673 695 8536 57118 57172 815 816 817 818 84254 10645 8573 1448 983 55561 1019 8814 8999 1111 11200 11113 1195 1196 1198 57396 1436 1445 1452 1457 1459 1612 23604 1613 9201 166614 85443 780 4921 1859 9149 1956 27102 5610 440275 2041 1969 2042 2043 2044 285220 2045 2046 2047 2048 2050 2051 2064 2066 2081 2241 2242 2260 2263 2261 2268 2321 2322 2324 2475 2444 2534 2580 2931 2932 3055 28996 10114 22858 3551 9641 3643 3645 3654 11213 51135 3702 3717 3718 3791 23387 3815 9113 3932 3984 3985 120892 4058 4067 5605 5606 5607 5608 4214 4294 4296 7786 9175 389840 10746 4215 4216 9064 4293 11184 5871 8491 9448 11183 5602 5603 1432 225689 5596 5598 5601 8550 4139 2011 4140 57787 23332 22983 4145 9833 10461 50488 8569 2872 4486 4593 4638 85366 91807 340156 53904 4750 79858 4751 4752 6787 341676 91754 4914 4915 4916 9891 81788 9943 5058 5062 5063 10298 56924 57144 5127 5128 5156 5159 5170 65061 5260 5298 5287 5288 5293 5294 5292 415116 8396 79837 9088 5585 5586 5347 10769 1263 10733 5562 5562 5563 5564 5565 5571 51422 53632 5567 5580 5581 5582 5584 5588 5587 5593 8899 5747 2185 5753 5894 5979 83732 55781 8780 8737 8767 9475 6098 6195 6197 388228 100130827 23678 150094 23235 9748 54861 6714 6725 6793 8576 9263 9262 202374
DB12023	Benralizumab	3568 2214
DB12095	Telotristat ethyl	121278 7166
DB12130	Lorlatinib	238
DB12141	Gilteritinib	2322 3350 3351 3352 3354 3355 3356 3357 3358 3359 9177 170572 200909 285242 3360 3362 3363 558 238
DB12159	Dupilumab	3566
DB12161	Deutetrabenazine	6571
DB12267	Brigatinib	238 1956 25 3480 2322 3643 4233 2066 2064
DB12278	Propiverine	1128 1129 1131 1132 1133 775 148
DB12328	Cantharidin	196
DB12332	Rucaparib	142 10038 10039
DB12364	Betrixaban	2159
DB12483	Copanlisib	5290 5293
DB12498	Mogamulizumab	7852
DB12532	Oxetacaine	2520
DB12688	Moxetumomab Pasudotox	933 1938
DB12698	Ibalizumab	920 1234 7852
DB12783	Benserazide	1644
DB12789	Dinoprost	11251
DB12836	Grapiprant	5734
DB12865	Etelcalcetide	846
DB12872	Vonicog Alfa	2157 1277
DB12965	Silver	4520 645745 4489 4490 4493 4494 4495 4496 4499 4501 4502 4504 84560 9633 1356 213 2
DB13074	Macimorelin	2693
DB13125	Lusutrombopag	4352
DB13133	Von Willebrand Factor Human	2157 1277
DB13139	Levosalbutamol	154
DB13144	Lenograstim	1441
DB13146	Fluciclovine (18F)	6510 9056 84889 2902 2903 2904 2905 2906 116443 116444 2890 2891 2892 2893
DB13149	Protein S human	2153 2159 5624
DB13150	Coagulation factor VII human	2152 2159 2158
DB13151	Anti-inhibitor coagulant complex	2159 2147 2243 2244 2162 2153 2157 2155
DB13152	Coagulation Factor IX Human	2159 2160 2155 2157 2147 4035 2677
DB13154	Parachlorophenol	6329
DB13155	Esculin	367
DB13158	Clobetasone	2908
DB13161	Nusinersen	6606
DB13167	Alclofenac	5743
DB13170	Plecanatide	2977
DB13173	Cerliponase alfa	3482
DB13179	Troleandomycin	8856
DB13192	Antihemophilic factor human	2158 2159
DB13200	Lipegfilgrastim	1441
DB13269	Dichlorobenzyl alcohol	6323 6336 11280 6326 6328 6329 6331 6332 6334 6335 6324 6327 55800 6330
DB13345	Dihydroergocristine	3350 3351 3352 3354 3355 3356 3357 3358 3359 9177 170572 200909 285242 3360 3362 3363 153 154 155 148 147 146 150 151 152 1812 1816 1813 1814 1815
DB13346	Bufexamac	5742 5743 10013 83933
DB13501	Bendazac	5742 5743
DB13503	Tyrothricin	43
DB13615	Mifamurtide	7099 64127
DB13746	Bioallethrin	8913 8912 8911 773 775 776 778 779 782 783 784 785
DB13751	Glycyrrhizic acid	3290 7124 836 4791 4790 4023
DB13783	Acemetacin	5742 5743
DB13800	Calcium levulinate	801 844 794
DB13872	Lormetazepam	2555 2566 2556 2558 2554
DB13873	Fenofibric acid	5465 5468 5467 8856
DB13874	Enasidenib	3418
DB13881	Tisagenlecleucel	930
DB13884	Albutrepenonacog alfa	2159
DB13893	Crotalus adamanteus antivenin	8399
DB13894	Agkistrodon piscivorus antivenin	8399
DB13915	Axicabtagene ciloleucel	930
DB13923	Emicizumab	2158 2159
DB13925	Dotatate gallium Ga-68	6752
DB13926	Cenegermin	4914
DB13928	Semaglutide	2740
DB13931	Netarsudil	6093 9475
DB13932	Voretigene Neparvovec	6121
DB13933	Nonacog beta pegol	2155 2157 2159
DB13943	Testosterone cypionate	367 2099 4306
DB13944	Testosterone enanthate	367 2099 4306
DB13946	Testosterone undecanoate	367 2099 4306
DB13949	Ferric cation	7037
DB13952	Estradiol acetate	2099 8856 2100 1137 10499 2852 4508 8678 3294 2104
DB13953	Estradiol benzoate	2099 8856 2100 1137 10499 2852 4508 8678 3294 2104
DB13954	Estradiol cypionate	2099 8856 2100 1137 10499 2852 4508 8678 3294 2104
DB13955	Estradiol dienanthate	2099 8856 2100 1137 10499 2852 4508 8678 3294 2104
DB13956	Estradiol valerate	2099 8856 2100 1137 10499 2852 4508 8678 3294 2104
DB13961	Fish oil	84649 5743 338557 775 776 778 779 782 783 784 785 4791 4790 6720 5465 5468 5467
DB13967	Patent Blue	213
DB13985	Lutetium Lu 177 dotatate	6752 6751 6753 6754 6755
DB13995	Ferric pyrophosphate citrate	2512 2495 3039 3043
DB13996	Magnesium acetate	476
DB13998	Lonoctocog alfa	2159 5264 2158 433 3309 811 821 3998 4035 90411 7450
DB13999	Moroctocog alfa	2159 5264 2158 433 3309 811 821 3998 4035 90411 7450
DB14001	alpha-Tocopherol succinate	284904 266629 23541 8856 5579 240 5578 1606 5516 5515
DB14002	D-alpha-Tocopherol acetate	284904 266629 23541 8856 5579 240 5578 1606 5516 5515
DB14004	Tildrakizumab	3593 51561
DB14006	Choline salicylate	9468 43 5130 5338 590 5337 162466 1139
DB14039	Erenumab	10203
DB14041	Fremanezumab	796 797
DB14042	Galcanezumab	796 797
DB14185	Aripiprazole lauroxil	1813 3350 3356 3351 3352 3354 1812 1816 1814 1815 3358 3359 3362 3363 3269 148 147 150 151 152 1128 1129 1131 1132 1133
DB14481	Calcium phosphate dihydrate	846 811 10519 10016 6717 11261 6678 821 2201 6285 845 9104 553115 6277 7178 10518 6284 844 4924 4925 801 84467 25801 8618 801 801 140576 794 93664 125972 9378 23413
DB14487	Zinc acetate	623 4255 226 1915 2023 26330 4830 5034 2923 5052 5723 7167 7284 2099 3562 4502 9973 3065 9759 4350 6406 6647 55869 10572 2741 4193 3630 7402 443 6279 6280 4318 7161 6273 7157 4504 10016 199699 4489 1 2 183 197 325 335 336 55911 348 8542 713 714 715 716 718 721 722 725 727 79184 731 732 733 629 3075 3426 1191 1356 1369 1370 117159 1832 2161 2165 2147 8547 2243 2335 2934 3039 3043 3250 388697 3483 3697 3698 3699 3700 3512 3728 3818 3827 3848 3858 3861 3868 3849 3852 3853 3857 5005 114770 5444 6278 6414 5265 12 5267 866 3053 6462 7018 7276 7448 333 334 351 142
DB14488	Ferrous gluconate	7037 54583 55869 51327 3039 2395 2495 2237 79661 252969 5423 1356 7018
DB14489	Ferrous succinate	7037 54583 55869 51327 3039 2395 2495 2237 79661 252969 5423 1356 7018
DB14490	Ferrous ascorbate	7037 54583 55869 51327 3039 2395 2495 2237 79661 252969 5423 1356 7018
DB14491	Ferrous fumarate	7037 54583 55869 51327 3039 2395 2495 2237 79661 252969 5423 1356 7018
DB14498	Potassium acetate	476
DB14499	Potassium sulfate	476
DB14501	Ferrous glycine sulfate	7037 54583 55869 51327 3039 2395 2495 2237 79661 252969 5423 1356 7018
DB14507	Lithium citrate	3613 3612 2932 2892
DB14509	Lithium carbonate	3613 3612 2932 2892
DB14512	Mometasone furoate	2908 5241
DB14517	Aluminium phosphate	7018 476 3816 351
DB14518	Aluminum acetate	7018 476 3816 351
DB14520	Tetraferric tricitrate decahydrate	7037
DB14527	Chromic nitrate	1528
DB14528	Chromium gluconate	1528
DB14530	Chromous sulfate	1528
DB14533	Zinc chloride	623 4255 226 1915 2023 26330 4830 5034 2923 5052 5723 7167 7284 2099 3562 4502 9973 3065 9759 4350 6406 6647 55869 10572 2741 4193 3630 7402 443 6279 6280 4318 7161 6273 7157 4504 10016 199699 4489 1 2 183 197 325 335 336 55911 348 8542 713 714 715 716 718 721 722 725 727 79184 731 732 733 629 3075 3426 1191 1356 1369 1370 117159 1832 2161 2165 2147 8547 2243 2335 2934 3039 3043 3250 388697 3483 3697 3698 3699 3700 3512 3728 3818 3827 3848 3858 3861 3868 3849 3852 3853 3857 5005 114770 5444 6278 6414 5265 12 5267 866 3053 6462 7018 7276 7448 333 334 351 142
DB14538	Hydrocortisone aceponate	301 2908 3291 3283
DB14539	Hydrocortisone acetate	301 2908 3291 3283
DB14540	Hydrocortisone butyrate	301 2908 3291 3283
DB14541	Hydrocortisone cypionate	301 2908 3291 3283
DB14542	Hydrocortisone phosphate	301 2908 3291 3283
DB14543	Hydrocortisone probutate	301 2908 3291 3283
DB14544	Hydrocortisone valerate	301 2908 3291 3283
DB14562	Andexanet alfa	7035
DB14568	Ivosidenib	3417
DB14575	Eslicarbazepine	5025
DB14596	Loteprednol etabonate	2908
DB14597	Lanadelumab	3818
DB14639	Boldenone undecylenate	367
DB14642	Lypressin	552 554 553
DB14700	Damoctocog alfa pegol	2157
DB14707	Cemiplimab	5133
DB14723	Larotrectinib	4914 4915 4916
DB14724	Emapalumab	3458
